date,spotNum
2008-01-01,9
2008-01-02,9
2008-01-03,9
2008-01-04,12
2008-01-05,10
2008-01-06,14
2008-01-07,14
2008-01-08,11
2008-01-09,0
2008-01-10,10
2008-01-11,10
2008-01-12,0
2008-01-13,0
2008-01-14,0
2008-01-15,0
2008-01-16,0
2008-01-17,0
2008-01-18,0
2008-01-19,0
2008-01-20,0
2008-01-21,0
2008-01-22,0
2008-01-23,0
2008-01-24,0
2008-01-25,0
2008-01-26,0
2008-01-27,0
2008-01-28,0
2008-01-29,0
2008-01-30,10
2008-01-31,10
2008-02-01,15
2008-02-02,12
2008-02-03,12
2008-02-04,11
2008-02-05,0
2008-02-06,0
2008-02-07,0
2008-02-08,0
2008-02-09,0
2008-02-10,0
2008-02-11,0
2008-02-12,0
2008-02-13,0
2008-02-14,0
2008-02-15,0
2008-02-16,0
2008-02-17,0
2008-02-18,0
2008-02-19,0
2008-02-20,0
2008-02-21,0
2008-02-22,0
2008-02-23,0
2008-02-24,0
2008-02-25,11
2008-02-26,11
2008-02-27,11
2008-02-28,0
2008-02-29,0
2008-03-01,0
2008-03-02,0
2008-03-03,12
2008-03-04,0
2008-03-05,0
2008-03-06,13
2008-03-07,0
2008-03-08,0
2008-03-09,0
2008-03-10,15
2008-03-11,0
2008-03-12,0
2008-03-13,0
2008-03-14,0
2008-03-15,12
2008-03-16,12
2008-03-17,12
2008-03-18,0
2008-03-19,0
2008-03-20,0
2008-03-21,0
2008-03-22,0
2008-03-23,0
2008-03-24,32
2008-03-25,54
2008-03-26,60
2008-03-27,59
2008-03-28,57
2008-03-29,50
2008-03-30,52
2008-03-31,42
2008-04-01,20
2008-04-02,11
2008-04-03,11
2008-04-04,9
2008-04-05,0
2008-04-06,0
2008-04-07,0
2008-04-08,0
2008-04-09,0
2008-04-10,0
2008-04-11,0
2008-04-12,0
2008-04-13,9
2008-04-14,9
2008-04-15,0
2008-04-16,0
2008-04-17,0
2008-04-18,0
2008-04-19,10
2008-04-20,0
2008-04-21,0
2008-04-22,10
2008-04-23,10
2008-04-24,9
2008-04-25,0
2008-04-26,0
2008-04-27,0
2008-04-28,0
2008-04-29,0
2008-04-30,0
2008-05-01,10
2008-05-02,0
2008-05-03,0
2008-05-04,10
2008-05-05,12
2008-05-06,0
2008-05-07,0
2008-05-08,0
2008-05-09,0
2008-05-10,0
2008-05-11,0
2008-05-12,0
2008-05-13,12
2008-05-14,0
2008-05-15,13
2008-05-16,20
2008-05-17,17
2008-05-18,22
2008-05-19,16
2008-05-20,10
2008-05-21,0
2008-05-22,0
2008-05-23,0
2008-05-24,0
2008-05-25,0
2008-05-26,0
2008-05-27,0
2008-05-28,0
2008-05-29,0
2008-05-30,0
2008-05-31,0
2008-06-01,0
2008-06-02,0
2008-06-03,0
2008-06-04,0
2008-06-05,14
2008-06-06,0
2008-06-07,0
2008-06-08,0
2008-06-09,0
2008-06-10,14
2008-06-11,12
2008-06-12,11
2008-06-13,12
2008-06-14,0
2008-06-15,11
2008-06-16,11
2008-06-17,11
2008-06-18,12
2008-06-19,11
2008-06-20,12
2008-06-21,12
2008-06-22,12
2008-06-23,0
2008-06-24,0
2008-06-25,0
2008-06-26,0
2008-06-27,0
2008-06-28,0
2008-06-29,0
2008-06-30,0
2008-07-01,0
2008-07-02,0
2008-07-03,0
2008-07-04,0
2008-07-05,0
2008-07-06,0
2008-07-07,0
2008-07-08,0
2008-07-09,0
2008-07-10,0
2008-07-11,0
2008-07-12,0
2008-07-13,0
2008-07-14,0
2008-07-15,0
2008-07-16,0
2008-07-17,0
2008-07-18,6
2008-07-19,7
2008-07-20,6
2008-07-21,0
2008-07-22,0
2008-07-23,0
2008-07-24,0
2008-07-25,0
2008-07-26,0
2008-07-27,0
2008-07-28,0
2008-07-29,0
2008-07-30,0
2008-07-31,0
2008-08-01,0
2008-08-02,0
2008-08-03,0
2008-08-04,0
2008-08-05,0
2008-08-06,0
2008-08-07,0
2008-08-08,0
2008-08-09,0
2008-08-10,0
2008-08-11,0
2008-08-12,0
2008-08-13,0
2008-08-14,0
2008-08-15,0
2008-08-16,0
2008-08-17,0
2008-08-18,0
2008-08-19,0
2008-08-20,0
2008-08-21,5
2008-08-22,5
2008-08-23,0
2008-08-24,0
2008-08-25,0
2008-08-26,0
2008-08-27,0
2008-08-28,0
2008-08-29,0
2008-08-30,0
2008-08-31,0
2008-09-01,0
2008-09-02,0
2008-09-03,0
2008-09-04,0
2008-09-05,0
2008-09-06,0
2008-09-07,0
2008-09-08,0
2008-09-09,0
2008-09-10,0
2008-09-11,7
2008-09-12,0
2008-09-13,0
2008-09-14,0
2008-09-15,0
2008-09-16,0
2008-09-17,0
2008-09-18,0
2008-09-19,0
2008-09-20,0
2008-09-21,0
2008-09-22,9
2008-09-23,10
2008-09-24,0
2008-09-25,0
2008-09-26,0
2008-09-27,0
2008-09-28,0
2008-09-29,9
2008-09-30,0
2008-10-01,0
2008-10-02,0
2008-10-03,0
2008-10-04,10
2008-10-05,0
2008-10-06,0
2008-10-07,0
2008-10-08,0
2008-10-09,0
2008-10-10,10
2008-10-11,13
2008-10-12,16
2008-10-13,13
2008-10-14,13
2008-10-15,12
2008-10-16,17
2008-10-17,12
2008-10-18,0
2008-10-19,0
2008-10-20,0
2008-10-21,0
2008-10-22,0
2008-10-23,0
2008-10-24,0
2008-10-25,0
2008-10-26,0
2008-10-27,0
2008-10-28,0
2008-10-29,0
2008-10-30,0
2008-10-31,13
2008-11-01,15
2008-11-02,18
2008-11-03,18
2008-11-04,16
2008-11-05,13
2008-11-06,11
2008-11-07,0
2008-11-08,0
2008-11-09,0
2008-11-10,0
2008-11-11,20
2008-11-12,23
2008-11-13,15
2008-11-14,13
2008-11-15,13
2008-11-16,13
2008-11-17,11
2008-11-18,0
2008-11-19,0
2008-11-20,0
2008-11-21,0
2008-11-22,0
2008-11-23,0
2008-11-24,0
2008-11-25,0
2008-11-26,0
2008-11-27,0
2008-11-28,0
2008-11-29,0
2008-11-30,0
2008-12-01,0
2008-12-02,0
2008-12-03,0
2008-12-04,0
2008-12-05,0
2008-12-06,0
2008-12-07,0
2008-12-08,0
2008-12-09,0
2008-12-10,11
2008-12-11,10
2008-12-12,11
2008-12-13,0
2008-12-14,0
2008-12-15,0
2008-12-16,0
2008-12-17,0
2008-12-18,0
2008-12-19,0
2008-12-20,0
2008-12-21,0
2008-12-22,0
2008-12-23,0
2008-12-24,0
2008-12-25,0
2008-12-26,0
2008-12-27,0
2008-12-28,0
2008-12-29,0
2008-12-30,0
2008-12-31,0
2009-01-01,0
2009-01-02,0
2009-01-03,0
2009-01-04,0
2009-01-05,0
2009-01-06,0
2009-01-07,0
2009-01-08,0
2009-01-09,7
2009-01-10,9
2009-01-11,10
2009-01-12,8
2009-01-13,0
2009-01-14,0
2009-01-15,0
2009-01-16,0
2009-01-17,0
2009-01-18,0
2009-01-19,7
2009-01-20,0
2009-01-21,0
2009-01-22,0
2009-01-23,0
2009-01-24,0
2009-01-25,0
2009-01-26,0
2009-01-27,0
2009-01-28,0
2009-01-29,0
2009-01-30,0
2009-01-31,0
2009-02-01,0
2009-02-02,0
2009-02-03,0
2009-02-04,0
2009-02-05,0
2009-02-06,0
2009-02-07,0
2009-02-08,0
2009-02-09,0
2009-02-10,0
2009-02-11,7
2009-02-12,6
2009-02-13,6
2009-02-14,0
2009-02-15,0
2009-02-16,0
2009-02-17,0
2009-02-18,0
2009-02-19,0
2009-02-20,0
2009-02-21,0
2009-02-22,0
2009-02-23,0
2009-02-24,7
2009-02-25,7
2009-02-26,0
2009-02-27,0
2009-02-28,0
2009-03-01,0
2009-03-02,0
2009-03-03,0
2009-03-04,0
2009-03-05,0
2009-03-06,7
2009-03-07,7
2009-03-08,0
2009-03-09,0
2009-03-10,0
2009-03-11,0
2009-03-12,0
2009-03-13,0
2009-03-14,0
2009-03-15,0
2009-03-16,0
2009-03-17,0
2009-03-18,0
2009-03-19,0
2009-03-20,0
2009-03-21,0
2009-03-22,0
2009-03-23,0
2009-03-24,0
2009-03-25,0
2009-03-26,6
2009-03-27,0
2009-03-28,0
2009-03-29,0
2009-03-30,0
2009-03-31,0
2009-04-01,0
2009-04-02,0
2009-04-03,0
2009-04-04,0
2009-04-05,0
2009-04-06,0
2009-04-07,0
2009-04-08,0
2009-04-09,0
2009-04-10,0
2009-04-11,0
2009-04-12,0
2009-04-13,0
2009-04-14,0
2009-04-15,0
2009-04-16,0
2009-04-17,0
2009-04-18,0
2009-04-19,0
2009-04-20,0
2009-04-21,11
2009-04-22,0
2009-04-23,0
2009-04-24,0
2009-04-25,0
2009-04-26,0
2009-04-27,0
2009-04-28,0
2009-04-29,13
2009-04-30,13
2009-05-01,0
2009-05-02,0
2009-05-03,0
2009-05-04,7
2009-05-05,0
2009-05-06,0
2009-05-07,0
2009-05-08,0
2009-05-09,0
2009-05-10,0
2009-05-11,0
2009-05-12,0
2009-05-13,7
2009-05-14,10
2009-05-15,9
2009-05-16,8
2009-05-17,9
2009-05-18,8
2009-05-19,7
2009-05-20,0
2009-05-21,0
2009-05-22,8
2009-05-23,8
2009-05-24,0
2009-05-25,0
2009-05-26,0
2009-05-27,0
2009-05-28,0
2009-05-29,0
2009-05-30,0
2009-05-31,10
2009-06-01,24
2009-06-02,26
2009-06-03,24
2009-06-04,19
2009-06-05,17
2009-06-06,0
2009-06-07,0
2009-06-08,0
2009-06-09,0
2009-06-10,0
2009-06-11,0
2009-06-12,0
2009-06-13,0
2009-06-14,0
2009-06-15,0
2009-06-16,0
2009-06-17,15
2009-06-18,0
2009-06-19,0
2009-06-20,0
2009-06-21,15
2009-06-22,17
2009-06-23,15
2009-06-24,17
2009-06-25,0
2009-06-26,0
2009-06-27,0
2009-06-28,0
2009-06-29,0
2009-06-30,0
2009-07-01,0
2009-07-02,0
2009-07-03,0
2009-07-04,24
2009-07-05,27
2009-07-06,24
2009-07-07,19
2009-07-08,21
2009-07-09,17
2009-07-10,15
2009-07-11,0
2009-07-12,0
2009-07-13,0
2009-07-14,0
2009-07-15,0
2009-07-16,0
2009-07-17,0
2009-07-18,0
2009-07-19,0
2009-07-20,0
2009-07-21,0
2009-07-22,0
2009-07-23,12
2009-07-24,0
2009-07-25,0
2009-07-26,0
2009-07-27,0
2009-07-28,0
2009-07-29,0
2009-07-30,12
2009-07-31,0
2009-08-01,0
2009-08-02,0
2009-08-03,0
2009-08-04,0
2009-08-05,0
2009-08-06,0
2009-08-07,0
2009-08-08,0
2009-08-09,0
2009-08-10,0
2009-08-11,0
2009-08-12,0
2009-08-13,0
2009-08-14,0
2009-08-15,0
2009-08-16,0
2009-08-17,0
2009-08-18,0
2009-08-19,0
2009-08-20,0
2009-08-21,0
2009-08-22,0
2009-08-23,0
2009-08-24,0
2009-08-25,0
2009-08-26,0
2009-08-27,0
2009-08-28,0
2009-08-29,0
2009-08-30,0
2009-08-31,0
2009-09-01,13
2009-09-02,0
2009-09-03,0
2009-09-04,0
2009-09-05,0
2009-09-06,0
2009-09-07,0
2009-09-08,0
2009-09-09,0
2009-09-10,0
2009-09-11,0
2009-09-12,0
2009-09-13,0
2009-09-14,0
2009-09-15,0
2009-09-16,0
2009-09-17,0
2009-09-18,0
2009-09-19,0
2009-09-20,0
2009-09-21,13
2009-09-22,22
2009-09-23,33
2009-09-24,33
2009-09-25,28
2009-09-26,15
2009-09-27,12
2009-09-28,17
2009-09-29,15
2009-09-30,12
2009-10-01,11
2009-10-02,0
2009-10-03,0
2009-10-04,0
2009-10-05,0
2009-10-06,0
2009-10-07,0
2009-10-08,0
2009-10-09,0
2009-10-10,0
2009-10-11,13
2009-10-12,0
2009-10-13,0
2009-10-14,0
2009-10-15,0
2009-10-16,0
2009-10-17,0
2009-10-18,0
2009-10-19,0
2009-10-20,0
2009-10-21,0
2009-10-22,0
2009-10-23,18
2009-10-24,26
2009-10-25,30
2009-10-26,32
2009-10-27,32
2009-10-28,32
2009-10-29,26
2009-10-30,18
2009-10-31,0
2009-11-01,0
2009-11-02,0
2009-11-03,0
2009-11-04,0
2009-11-05,12
2009-11-06,13
2009-11-07,0
2009-11-08,0
2009-11-09,13
2009-11-10,12
2009-11-11,12
2009-11-12,0
2009-11-13,12
2009-11-14,13
2009-11-15,12
2009-11-16,13
2009-11-17,0
2009-11-18,12
2009-11-19,29
2009-11-20,25
2009-11-21,15
2009-11-22,13
2009-11-23,0
2009-11-24,0
2009-11-25,0
2009-11-26,0
2009-11-27,0
2009-11-28,0
2009-11-29,0
2009-11-30,0
2009-12-01,0
2009-12-02,0
2009-12-03,0
2009-12-04,0
2009-12-05,0
2009-12-06,0
2009-12-07,0
2009-12-08,0
2009-12-09,11
2009-12-10,12
2009-12-11,12
2009-12-12,12
2009-12-13,14
2009-12-14,30
2009-12-15,36
2009-12-16,33
2009-12-17,26
2009-12-18,23
2009-12-19,24
2009-12-20,44
2009-12-21,46
2009-12-22,33
2009-12-23,26
2009-12-24,20
2009-12-25,0
2009-12-26,14
2009-12-27,15
2009-12-28,18
2009-12-29,18
2009-12-30,18
2009-12-31,21
2010-01-01,18
2010-01-02,21
2010-01-03,16
2010-01-04,15
2010-01-05,10
2010-01-06,0
2010-01-07,0
2010-01-08,15
2010-01-09,15
2010-01-10,22
2010-01-11,37
2010-01-12,35
2010-01-13,31
2010-01-14,26
2010-01-15,26
2010-01-16,23
2010-01-17,18
2010-01-18,13
2010-01-19,0
2010-01-20,13
2010-01-21,18
2010-01-22,31
2010-01-23,38
2010-01-24,38
2010-01-25,34
2010-01-26,25
2010-01-27,13
2010-01-28,12
2010-01-29,12
2010-01-30,12
2010-01-31,16
2010-02-01,17
2010-02-02,14
2010-02-03,14
2010-02-04,12
2010-02-05,12
2010-02-06,36
2010-02-07,38
2010-02-08,59
2010-02-09,56
2010-02-10,50
2010-02-11,44
2010-02-12,41
2010-02-13,43
2010-02-14,33
2010-02-15,30
2010-02-16,30
2010-02-17,43
2010-02-18,23
2010-02-19,20
2010-02-20,20
2010-02-21,17
2010-02-22,17
2010-02-23,15
2010-02-24,30
2010-02-25,29
2010-02-26,27
2010-02-27,14
2010-02-28,14
2010-03-01,23
2010-03-02,37
2010-03-03,36
2010-03-04,39
2010-03-05,28
2010-03-06,0
2010-03-07,12
2010-03-08,17
2010-03-09,0
2010-03-10,0
2010-03-11,34
2010-03-12,36
2010-03-13,31
2010-03-14,33
2010-03-15,27
2010-03-16,23
2010-03-17,28
2010-03-18,30
2010-03-19,22
2010-03-20,14
2010-03-21,22
2010-03-22,17
2010-03-23,14
2010-03-24,17
2010-03-25,23
2010-03-26,22
2010-03-27,34
2010-03-28,31
2010-03-29,33
2010-03-30,33
2010-03-31,27
2010-04-01,22
2010-04-02,22
2010-04-03,24
2010-04-04,33
2010-04-05,34
2010-04-06,25
2010-04-07,21
2010-04-08,29
2010-04-09,9
2010-04-10,10
2010-04-11,10
2010-04-12,10
2010-04-13,9
2010-04-14,0
2010-04-15,0
2010-04-16,0
2010-04-17,0
2010-04-18,0
2010-04-19,0
2010-04-20,0
2010-04-21,9
2010-04-22,9
2010-04-23,0
2010-04-24,0
2010-04-25,16
2010-04-26,0
2010-04-27,0
2010-04-28,10
2010-04-29,0
2010-04-30,9
2010-05-01,13
2010-05-02,21
2010-05-03,40
2010-05-04,51
2010-05-05,47
2010-05-06,19
2010-05-07,16
2010-05-08,16
2010-05-09,0
2010-05-10,0
2010-05-11,0
2010-05-12,0
2010-05-13,0
2010-05-14,0
2010-05-15,0
2010-05-16,0
2010-05-17,0
2010-05-18,0
2010-05-19,0
2010-05-20,0
2010-05-21,14
2010-05-22,21
2010-05-23,22
2010-05-24,19
2010-05-25,24
2010-05-26,16
2010-05-27,13
2010-05-28,13
2010-05-29,19
2010-05-30,29
2010-05-31,18
2010-06-01,15
2010-06-02,18
2010-06-03,21
2010-06-04,28
2010-06-05,26
2010-06-06,12
2010-06-07,18
2010-06-08,14
2010-06-09,29
2010-06-10,39
2010-06-11,46
2010-06-12,46
2010-06-13,25
2010-06-14,14
2010-06-15,0
2010-06-16,0
2010-06-17,12
2010-06-18,12
2010-06-19,26
2010-06-20,18
2010-06-21,14
2010-06-22,15
2010-06-23,14
2010-06-24,12
2010-06-25,17
2010-06-26,18
2010-06-27,11
2010-06-28,11
2010-06-29,22
2010-06-30,11
2010-07-01,13
2010-07-02,13
2010-07-03,13
2010-07-04,14
2010-07-05,27
2010-07-06,25
2010-07-07,13
2010-07-08,13
2010-07-09,17
2010-07-10,22
2010-07-11,36
2010-07-12,34
2010-07-13,30
2010-07-14,17
2010-07-15,25
2010-07-16,16
2010-07-17,14
2010-07-18,14
2010-07-19,14
2010-07-20,30
2010-07-21,31
2010-07-22,36
2010-07-23,44
2010-07-24,47
2010-07-25,39
2010-07-26,33
2010-07-27,19
2010-07-28,34
2010-07-29,38
2010-07-30,31
2010-07-31,30
2010-08-01,24
2010-08-02,24
2010-08-03,14
2010-08-04,32
2010-08-05,51
2010-08-06,51
2010-08-07,48
2010-08-08,38
2010-08-09,55
2010-08-10,58
2010-08-11,67
2010-08-12,50
2010-08-13,41
2010-08-14,33
2010-08-15,38
2010-08-16,51
2010-08-17,26
2010-08-18,23
2010-08-19,15
2010-08-20,12
2010-08-21,0
2010-08-22,0
2010-08-23,0
2010-08-24,12
2010-08-25,23
2010-08-26,23
2010-08-27,12
2010-08-28,12
2010-08-29,27
2010-08-30,29
2010-08-31,30
2010-09-01,30
2010-09-02,58
2010-09-03,49
2010-09-04,58
2010-09-05,43
2010-09-06,29
2010-09-07,14
2010-09-08,0
2010-09-09,0
2010-09-10,16
2010-09-11,12
2010-09-12,13
2010-09-13,26
2010-09-14,27
2010-09-15,27
2010-09-16,43
2010-09-17,53
2010-09-18,51
2010-09-19,49
2010-09-20,39
2010-09-21,38
2010-09-22,36
2010-09-23,39
2010-09-24,39
2010-09-25,39
2010-09-26,49
2010-09-27,56
2010-09-28,55
2010-09-29,55
2010-09-30,48
2010-10-01,36
2010-10-02,27
2010-10-03,29
2010-10-04,21
2010-10-05,13
2010-10-06,0
2010-10-07,0
2010-10-08,0
2010-10-09,13
2010-10-10,13
2010-10-11,13
2010-10-12,13
2010-10-13,23
2010-10-14,37
2010-10-15,41
2010-10-16,49
2010-10-17,57
2010-10-18,60
2010-10-19,63
2010-10-20,51
2010-10-21,36
2010-10-22,36
2010-10-23,44
2010-10-24,60
2010-10-25,67
2010-10-26,63
2010-10-27,41
2010-10-28,31
2010-10-29,39
2010-10-30,33
2010-10-31,34
2010-11-01,21
2010-11-02,18
2010-11-03,18
2010-11-04,14
2010-11-05,27
2010-11-06,35
2010-11-07,37
2010-11-08,37
2010-11-09,30
2010-11-10,48
2010-11-11,51
2010-11-12,48
2010-11-13,69
2010-11-14,61
2010-11-15,61
2010-11-16,59
2010-11-17,56
2010-11-18,46
2010-11-19,42
2010-11-20,32
2010-11-21,27
2010-11-22,24
2010-11-23,26
2010-11-24,13
2010-11-25,24
2010-11-26,14
2010-11-27,13
2010-11-28,27
2010-11-29,29
2010-11-30,24
2010-12-01,32
2010-12-02,36
2010-12-03,41
2010-12-04,53
2010-12-05,44
2010-12-06,29
2010-12-07,31
2010-12-08,31
2010-12-09,29
2010-12-10,36
2010-12-11,27
2010-12-12,27
2010-12-13,47
2010-12-14,27
2010-12-15,14
2010-12-16,24
2010-12-17,12
2010-12-18,0
2010-12-19,0
2010-12-20,0
2010-12-21,0
2010-12-22,17
2010-12-23,17
2010-12-24,14
2010-12-25,25
2010-12-26,34
2010-12-27,17
2010-12-28,22
2010-12-29,19
2010-12-30,14
2010-12-31,42
2011-01-01,48
2011-01-02,48
2011-01-03,47
2011-01-04,48
2011-01-05,36
2011-01-06,28
2011-01-07,35
2011-01-08,25
2011-01-09,32
2011-01-10,26
2011-01-11,25
2011-01-12,22
2011-01-13,13
2011-01-14,0
2011-01-15,12
2011-01-16,20
2011-01-17,28
2011-01-18,32
2011-01-19,26
2011-01-20,29
2011-01-21,33
2011-01-22,32
2011-01-23,33
2011-01-24,29
2011-01-25,28
2011-01-26,25
2011-01-27,20
2011-01-28,13
2011-01-29,15
2011-01-30,19
2011-01-31,20
2011-02-01,24
2011-02-02,21
2011-02-03,29
2011-02-04,36
2011-02-05,26
2011-02-06,18
2011-02-07,15
2011-02-08,64
2011-02-09,51
2011-02-10,34
2011-02-11,57
2011-02-12,60
2011-02-13,78
2011-02-14,87
2011-02-15,83
2011-02-16,78
2011-02-17,65
2011-02-18,85
2011-02-19,82
2011-02-20,69
2011-02-21,47
2011-02-22,38
2011-02-23,31
2011-02-24,24
2011-02-25,13
2011-02-26,42
2011-02-27,44
2011-02-28,51
2011-03-01,62
2011-03-02,56
2011-03-03,73
2011-03-04,99
2011-03-05,116
2011-03-06,130
2011-03-07,138
2011-03-08,141
2011-03-09,113
2011-03-10,83
2011-03-11,83
2011-03-12,83
2011-03-13,93
2011-03-14,61
2011-03-15,48
2011-03-16,38
2011-03-17,38
2011-03-18,28
2011-03-19,32
2011-03-20,30
2011-03-21,24
2011-03-22,45
2011-03-23,42
2011-03-24,55
2011-03-25,97
2011-03-26,101
2011-03-27,118
2011-03-28,124
2011-03-29,104
2011-03-30,96
2011-03-31,87
2011-04-01,67
2011-04-02,63
2011-04-03,60
2011-04-04,67
2011-04-05,56
2011-04-06,57
2011-04-07,81
2011-04-08,84
2011-04-09,78
2011-04-10,56
2011-04-11,67
2011-04-12,92
2011-04-13,111
2011-04-14,123
2011-04-15,127
2011-04-16,92
2011-04-17,71
2011-04-18,71
2011-04-19,71
2011-04-20,73
2011-04-21,80
2011-04-22,87
2011-04-23,78
2011-04-24,64
2011-04-25,56
2011-04-26,74
2011-04-27,73
2011-04-28,62
2011-04-29,62
2011-04-30,80
2011-05-01,70
2011-05-02,55
2011-05-03,71
2011-05-04,76
2011-05-05,76
2011-05-06,45
2011-05-07,43
2011-05-08,63
2011-05-09,84
2011-05-10,90
2011-05-11,66
2011-05-12,46
2011-05-13,36
2011-05-14,52
2011-05-15,57
2011-05-16,57
2011-05-17,50
2011-05-18,41
2011-05-19,36
2011-05-20,35
2011-05-21,36
2011-05-22,56
2011-05-23,31
2011-05-24,11
2011-05-25,24
2011-05-26,42
2011-05-27,63
2011-05-28,73
2011-05-29,98
2011-05-30,115
2011-05-31,106
2011-06-01,126
2011-06-02,135
2011-06-03,130
2011-06-04,115
2011-06-05,80
2011-06-06,70
2011-06-07,58
2011-06-08,45
2011-06-09,39
2011-06-10,33
2011-06-11,23
2011-06-12,17
2011-06-13,15
2011-06-14,36
2011-06-15,52
2011-06-16,59
2011-06-17,59
2011-06-18,61
2011-06-19,47
2011-06-20,39
2011-06-21,50
2011-06-22,50
2011-06-23,58
2011-06-24,65
2011-06-25,50
2011-06-26,27
2011-06-27,15
2011-06-28,38
2011-06-29,41
2011-06-30,49
2011-07-01,56
2011-07-02,44
2011-07-03,41
2011-07-04,46
2011-07-05,32
2011-07-06,34
2011-07-07,38
2011-07-08,63
2011-07-09,49
2011-07-10,59
2011-07-11,75
2011-07-12,72
2011-07-13,68
2011-07-14,68
2011-07-15,82
2011-07-16,74
2011-07-17,93
2011-07-18,115
2011-07-19,109
2011-07-20,71
2011-07-21,60
2011-07-22,54
2011-07-23,43
2011-07-24,43
2011-07-25,29
2011-07-26,43
2011-07-27,63
2011-07-28,96
2011-07-29,90
2011-07-30,91
2011-07-31,99
2011-08-01,107
2011-08-02,95
2011-08-03,81
2011-08-04,92
2011-08-05,88
2011-08-06,79
2011-08-07,79
2011-08-08,70
2011-08-09,61
2011-08-10,36
2011-08-11,38
2011-08-12,29
2011-08-13,18
2011-08-14,0
2011-08-15,12
2011-08-16,31
2011-08-17,51
2011-08-18,59
2011-08-19,60
2011-08-20,59
2011-08-21,73
2011-08-22,92
2011-08-23,98
2011-08-24,70
2011-08-25,65
2011-08-26,86
2011-08-27,77
2011-08-28,64
2011-08-29,56
2011-08-30,90
2011-08-31,125
2011-09-01,131
2011-09-02,136
2011-09-03,140
2011-09-04,105
2011-09-05,114
2011-09-06,89
2011-09-07,72
2011-09-08,54
2011-09-09,72
2011-09-10,80
2011-09-11,94
2011-09-12,139
2011-09-13,145
2011-09-14,169
2011-09-15,191
2011-09-16,191
2011-09-17,160
2011-09-18,143
2011-09-19,142
2011-09-20,123
2011-09-21,108
2011-09-22,109
2011-09-23,91
2011-09-24,116
2011-09-25,122
2011-09-26,112
2011-09-27,103
2011-09-28,109
2011-09-29,128
2011-09-30,116
2011-10-01,118
2011-10-02,118
2011-10-03,113
2011-10-04,128
2011-10-05,100
2011-10-06,100
2011-10-07,89
2011-10-08,69
2011-10-09,79
2011-10-10,90
2011-10-11,124
2011-10-12,146
2011-10-13,161
2011-10-14,170
2011-10-15,148
2011-10-16,154
2011-10-17,176
2011-10-18,156
2011-10-19,141
2011-10-20,183
2011-10-21,194
2011-10-22,174
2011-10-23,134
2011-10-24,130
2011-10-25,110
2011-10-26,104
2011-10-27,93
2011-10-28,101
2011-10-29,94
2011-10-30,103
2011-10-31,96
2011-11-01,125
2011-11-02,128
2011-11-03,125
2011-11-04,99
2011-11-05,114
2011-11-06,145
2011-11-07,173
2011-11-08,171
2011-11-09,177
2011-11-10,170
2011-11-11,162
2011-11-12,157
2011-11-13,162
2011-11-14,164
2011-11-15,141
2011-11-16,125
2011-11-17,121
2011-11-18,132
2011-11-19,128
2011-11-20,137
2011-11-21,127
2011-11-22,138
2011-11-23,142
2011-11-24,131
2011-11-25,158
2011-11-26,131
2011-11-27,124
2011-11-28,98
2011-11-29,135
2011-11-30,132
2011-12-01,129
2011-12-02,127
2011-12-03,154
2011-12-04,162
2011-12-05,151
2011-12-06,151
2011-12-07,132
2011-12-08,159
2011-12-09,114
2011-12-10,102
2011-12-11,93
2011-12-12,76
2011-12-13,81
2011-12-14,78
2011-12-15,57
2011-12-16,75
2011-12-17,90
2011-12-18,100
2011-12-19,115
2011-12-20,108
2011-12-21,109
2011-12-22,103
2011-12-23,103
2011-12-24,84
2011-12-25,97
2011-12-26,117
2011-12-27,114
2011-12-28,109
2011-12-29,112
2011-12-30,93
2011-12-31,93
2012-01-01,71
2012-01-02,92
2012-01-03,120
2012-01-04,126
2012-01-05,109
2012-01-06,113
2012-01-07,113
2012-01-08,104
2012-01-09,79
2012-01-10,70
2012-01-11,63
2012-01-12,52
2012-01-13,71
2012-01-14,118
2012-01-15,149
2012-01-16,154
2012-01-17,141
2012-01-18,126
2012-01-19,105
2012-01-20,102
2012-01-21,112
2012-01-22,109
2012-01-23,113
2012-01-24,86
2012-01-25,76
2012-01-26,49
2012-01-27,65
2012-01-28,45
2012-01-29,57
2012-01-30,62
2012-01-31,75
2012-02-01,89
2012-02-02,59
2012-02-03,35
2012-02-04,38
2012-02-05,29
2012-02-06,42
2012-02-07,32
2012-02-08,13
2012-02-09,29
2012-02-10,46
2012-02-11,46
2012-02-12,49
2012-02-13,65
2012-02-14,58
2012-02-15,54
2012-02-16,48
2012-02-17,49
2012-02-18,55
2012-02-19,70
2012-02-20,64
2012-02-21,59
2012-02-22,44
2012-02-23,55
2012-02-24,58
2012-02-25,48
2012-02-26,48
2012-02-27,44
2012-02-28,39
2012-02-29,20
2012-03-01,24
2012-03-02,27
2012-03-03,63
2012-03-04,86
2012-03-05,108
2012-03-06,115
2012-03-07,106
2012-03-08,97
2012-03-09,110
2012-03-10,104
2012-03-11,116
2012-03-12,116
2012-03-13,96
2012-03-14,85
2012-03-15,88
2012-03-16,85
2012-03-17,88
2012-03-18,62
2012-03-19,74
2012-03-20,86
2012-03-21,77
2012-03-22,70
2012-03-23,71
2012-03-24,94
2012-03-25,89
2012-03-26,88
2012-03-27,84
2012-03-28,88
2012-03-29,106
2012-03-30,94
2012-03-31,89
2012-04-01,65
2012-04-02,79
2012-04-03,72
2012-04-04,64
2012-04-05,53
2012-04-06,53
2012-04-07,30
2012-04-08,25
2012-04-09,14
2012-04-10,16
2012-04-11,30
2012-04-12,58
2012-04-13,54
2012-04-14,51
2012-04-15,90
2012-04-16,61
2012-04-17,79
2012-04-18,112
2012-04-19,148
2012-04-20,168
2012-04-21,162
2012-04-22,146
2012-04-23,138
2012-04-24,134
2012-04-25,126
2012-04-26,117
2012-04-27,106
2012-04-28,112
2012-04-29,110
2012-04-30,104
2012-05-01,96
2012-05-02,95
2012-05-03,96
2012-05-04,87
2012-05-05,88
2012-05-06,87
2012-05-07,80
2012-05-08,85
2012-05-09,91
2012-05-10,96
2012-05-11,110
2012-05-12,101
2012-05-13,105
2012-05-14,119
2012-05-15,122
2012-05-16,137
2012-05-17,110
2012-05-18,102
2012-05-19,109
2012-05-20,116
2012-05-21,110
2012-05-22,80
2012-05-23,77
2012-05-24,87
2012-05-25,94
2012-05-26,80
2012-05-27,82
2012-05-28,109
2012-05-29,78
2012-05-30,73
2012-05-31,89
2012-06-01,121
2012-06-02,151
2012-06-03,165
2012-06-04,148
2012-06-05,151
2012-06-06,153
2012-06-07,127
2012-06-08,107
2012-06-09,106
2012-06-10,121
2012-06-11,128
2012-06-12,111
2012-06-13,113
2012-06-14,123
2012-06-15,117
2012-06-16,106
2012-06-17,88
2012-06-18,57
2012-06-19,51
2012-06-20,30
2012-06-21,16
2012-06-22,16
2012-06-23,16
2012-06-24,20
2012-06-25,17
2012-06-26,36
2012-06-27,70
2012-06-28,87
2012-06-29,103
2012-06-30,104
2012-07-01,126
2012-07-02,128
2012-07-03,125
2012-07-04,131
2012-07-05,129
2012-07-06,132
2012-07-07,146
2012-07-08,117
2012-07-09,122
2012-07-10,107
2012-07-11,110
2012-07-12,125
2012-07-13,129
2012-07-14,125
2012-07-15,117
2012-07-16,102
2012-07-17,86
2012-07-18,57
2012-07-19,38
2012-07-20,36
2012-07-21,29
2012-07-22,29
2012-07-23,63
2012-07-24,71
2012-07-25,68
2012-07-26,86
2012-07-27,110
2012-07-28,107
2012-07-29,111
2012-07-30,120
2012-07-31,122
2012-08-01,132
2012-08-02,143
2012-08-03,174
2012-08-04,152
2012-08-05,123
2012-08-06,98
2012-08-07,122
2012-08-08,123
2012-08-09,158
2012-08-10,131
2012-08-11,108
2012-08-12,98
2012-08-13,74
2012-08-14,33
2012-08-15,30
2012-08-16,32
2012-08-17,50
2012-08-18,54
2012-08-19,72
2012-08-20,80
2012-08-21,71
2012-08-22,69
2012-08-23,71
2012-08-24,71
2012-08-25,77
2012-08-26,78
2012-08-27,75
2012-08-28,80
2012-08-29,83
2012-08-30,126
2012-08-31,150
2012-09-01,145
2012-09-02,142
2012-09-03,171
2012-09-04,159
2012-09-05,122
2012-09-06,116
2012-09-07,95
2012-09-08,82
2012-09-09,89
2012-09-10,70
2012-09-11,76
2012-09-12,73
2012-09-13,58
2012-09-14,52
2012-09-15,61
2012-09-16,64
2012-09-17,55
2012-09-18,64
2012-09-19,67
2012-09-20,81
2012-09-21,84
2012-09-22,58
2012-09-23,75
2012-09-24,95
2012-09-25,136
2012-09-26,145
2012-09-27,113
2012-09-28,85
2012-09-29,79
2012-09-30,99
2012-10-01,78
2012-10-02,73
2012-10-03,63
2012-10-04,62
2012-10-05,60
2012-10-06,43
2012-10-07,40
2012-10-08,49
2012-10-09,70
2012-10-10,76
2012-10-11,73
2012-10-12,83
2012-10-13,80
2012-10-14,95
2012-10-15,119
2012-10-16,115
2012-10-17,102
2012-10-18,109
2012-10-19,95
2012-10-20,73
2012-10-21,82
2012-10-22,85
2012-10-23,92
2012-10-24,95
2012-10-25,79
2012-10-26,78
2012-10-27,67
2012-10-28,53
2012-10-29,69
2012-10-30,65
2012-10-31,50
2012-11-01,47
2012-11-02,45
2012-11-03,44
2012-11-04,45
2012-11-05,51
2012-11-06,47
2012-11-07,61
2012-11-08,65
2012-11-09,65
2012-11-10,79
2012-11-11,108
2012-11-12,122
2012-11-13,121
2012-11-14,133
2012-11-15,138
2012-11-16,142
2012-11-17,139
2012-11-18,132
2012-11-19,121
2012-11-20,105
2012-11-21,106
2012-11-22,95
2012-11-23,78
2012-11-24,82
2012-11-25,84
2012-11-26,72
2012-11-27,77
2012-11-28,77
2012-11-29,78
2012-11-30,70
2012-12-01,53
2012-12-02,47
2012-12-03,44
2012-12-04,54
2012-12-05,60
2012-12-06,28
2012-12-07,31
2012-12-08,50
2012-12-09,42
2012-12-10,43
2012-12-11,47
2012-12-12,67
2012-12-13,72
2012-12-14,60
2012-12-15,62
2012-12-16,65
2012-12-17,74
2012-12-18,60
2012-12-19,54
2012-12-20,56
2012-12-21,60
2012-12-22,78
2012-12-23,79
2012-12-24,57
2012-12-25,53
2012-12-26,57
2012-12-27,54
2012-12-28,53
2012-12-29,56
2012-12-30,56
2012-12-31,89
2013-01-01,99
2013-01-02,95
2013-01-03,130
2013-01-04,150
2013-01-05,162
2013-01-06,160
2013-01-07,145
2013-01-08,154
2013-01-09,156
2013-01-10,148
2013-01-11,163
2013-01-12,160
2013-01-13,128
2013-01-14,119
2013-01-15,110
2013-01-16,90
2013-01-17,63
2013-01-18,43
2013-01-19,47
2013-01-20,47
2013-01-21,37
2013-01-22,55
2013-01-23,60
2013-01-24,55
2013-01-25,49
2013-01-26,66
2013-01-27,72
2013-01-28,61
2013-01-29,52
2013-01-30,53
2013-01-31,49
2013-02-01,64
2013-02-02,72
2013-02-03,80
2013-02-04,38
2013-02-05,42
2013-02-06,43
2013-02-07,62
2013-02-08,59
2013-02-09,61
2013-02-10,48
2013-02-11,56
2013-02-12,64
2013-02-13,38
2013-02-14,35
2013-02-15,45
2013-02-16,40
2013-02-17,72
2013-02-18,109
2013-02-19,114
2013-02-20,107
2013-02-21,78
2013-02-22,67
2013-02-23,50
2013-02-24,30
2013-02-25,51
2013-02-26,53
2013-02-27,58
2013-02-28,70
2013-03-01,77
2013-03-02,96
2013-03-03,92
2013-03-04,88
2013-03-05,83
2013-03-06,77
2013-03-07,66
2013-03-08,73
2013-03-09,81
2013-03-10,100
2013-03-11,101
2013-03-12,115
2013-03-13,110
2013-03-14,123
2013-03-15,111
2013-03-16,110
2013-03-17,119
2013-03-18,107
2013-03-19,66
2013-03-20,51
2013-03-21,49
2013-03-22,49
2013-03-23,49
2013-03-24,41
2013-03-25,42
2013-03-26,30
2013-03-27,35
2013-03-28,47
2013-03-29,72
2013-03-30,73
2013-03-31,95
2013-04-01,79
2013-04-02,98
2013-04-03,101
2013-04-04,93
2013-04-05,114
2013-04-06,113
2013-04-07,126
2013-04-08,122
2013-04-09,136
2013-04-10,139
2013-04-11,126
2013-04-12,125
2013-04-13,117
2013-04-14,110
2013-04-15,93
2013-04-16,93
2013-04-17,95
2013-04-18,85
2013-04-19,87
2013-04-20,90
2013-04-21,93
2013-04-22,89
2013-04-23,82
2013-04-24,98
2013-04-25,111
2013-04-26,105
2013-04-27,107
2013-04-28,102
2013-04-29,141
2013-04-30,150
2013-05-01,142
2013-05-02,104
2013-05-03,98
2013-05-04,122
2013-05-05,110
2013-05-06,108
2013-05-07,116
2013-05-08,122
2013-05-09,116
2013-05-10,125
2013-05-11,134
2013-05-12,142
2013-05-13,153
2013-05-14,160
2013-05-15,173
2013-05-16,206
2013-05-17,183
2013-05-18,133
2013-05-19,127
2013-05-20,112
2013-05-21,113
2013-05-22,131
2013-05-23,108
2013-05-24,108
2013-05-25,118
2013-05-26,96
2013-05-27,92
2013-05-28,78
2013-05-29,72
2013-05-30,73
2013-05-31,50
2013-06-01,60
2013-06-02,77
2013-06-03,64
2013-06-04,51
2013-06-05,79
2013-06-06,76
2013-06-07,48
2013-06-08,26
2013-06-09,35
2013-06-10,26
2013-06-11,16
2013-06-12,29
2013-06-13,51
2013-06-14,64
2013-06-15,95
2013-06-16,104
2013-06-17,111
2013-06-18,113
2013-06-19,123
2013-06-20,129
2013-06-21,139
2013-06-22,137
2013-06-23,118
2013-06-24,108
2013-06-25,77
2013-06-26,60
2013-06-27,61
2013-06-28,75
2013-06-29,69
2013-06-30,80
2013-07-01,77
2013-07-02,112
2013-07-03,109
2013-07-04,121
2013-07-05,109
2013-07-06,124
2013-07-07,141
2013-07-08,122
2013-07-09,110
2013-07-10,80
2013-07-11,79
2013-07-12,73
2013-07-13,36
2013-07-14,60
2013-07-15,77
2013-07-16,77
2013-07-17,73
2013-07-18,95
2013-07-19,85
2013-07-20,59
2013-07-21,53
2013-07-22,57
2013-07-23,80
2013-07-24,70
2013-07-25,85
2013-07-26,71
2013-07-27,68
2013-07-28,73
2013-07-29,103
2013-07-30,89
2013-07-31,103
2013-08-01,96
2013-08-02,114
2013-08-03,107
2013-08-04,86
2013-08-05,82
2013-08-06,71
2013-08-07,86
2013-08-08,89
2013-08-09,64
2013-08-10,72
2013-08-11,81
2013-08-12,90
2013-08-13,108
2013-08-14,108
2013-08-15,124
2013-08-16,96
2013-08-17,100
2013-08-18,110
2013-08-19,134
2013-08-20,129
2013-08-21,146
2013-08-22,139
2013-08-23,138
2013-08-24,78
2013-08-25,50
2013-08-26,43
2013-08-27,56
2013-08-28,50
2013-08-29,53
2013-08-30,71
2013-08-31,74
2013-09-01,74
2013-09-02,90
2013-09-03,72
2013-09-04,78
2013-09-05,65
2013-09-06,49
2013-09-07,37
2013-09-08,25
2013-09-09,13
2013-09-10,18
2013-09-11,60
2013-09-12,52
2013-09-13,37
2013-09-14,25
2013-09-15,13
2013-09-16,25
2013-09-17,52
2013-09-18,63
2013-09-19,63
2013-09-20,90
2013-09-21,77
2013-09-22,79
2013-09-23,72
2013-09-24,65
2013-09-25,71
2013-09-26,54
2013-09-27,63
2013-09-28,56
2013-09-29,43
2013-09-30,53
2013-10-01,48
2013-10-02,60
2013-10-03,68
2013-10-04,79
2013-10-05,57
2013-10-06,47
2013-10-07,73
2013-10-08,96
2013-10-09,106
2013-10-10,120
2013-10-11,122
2013-10-12,112
2013-10-13,132
2013-10-14,128
2013-10-15,128
2013-10-16,119
2013-10-17,146
2013-10-18,155
2013-10-19,130
2013-10-20,114
2013-10-21,128
2013-10-22,118
2013-10-23,124
2013-10-24,144
2013-10-25,138
2013-10-26,132
2013-10-27,148
2013-10-28,147
2013-10-29,150
2013-10-30,146
2013-10-31,130
2013-11-01,106
2013-11-02,101
2013-11-03,123
2013-11-04,128
2013-11-05,122
2013-11-06,145
2013-11-07,166
2013-11-08,142
2013-11-09,104
2013-11-10,101
2013-11-11,113
2013-11-12,135
2013-11-13,152
2013-11-14,173
2013-11-15,166
2013-11-16,183
2013-11-17,192
2013-11-18,145
2013-11-19,113
2013-11-20,84
2013-11-21,72
2013-11-22,67
2013-11-23,62
2013-11-24,72
2013-11-25,40
2013-11-26,37
2013-11-27,73
2013-11-28,106
2013-11-29,98
2013-11-30,95
2013-12-01,124
2013-12-02,139
2013-12-03,110
2013-12-04,117
2013-12-05,110
2013-12-06,98
2013-12-07,89
2013-12-08,95
2013-12-09,142
2013-12-10,187
2013-12-11,176
2013-12-12,151
2013-12-13,144
2013-12-14,135
2013-12-15,135
2013-12-16,114
2013-12-17,121
2013-12-18,140
2013-12-19,140
2013-12-20,143
2013-12-21,140
2013-12-22,114
2013-12-23,111
2013-12-24,109
2013-12-25,96
2013-12-26,103
2013-12-27,106
2013-12-28,100
2013-12-29,124
2013-12-30,100
2013-12-31,136
2014-01-01,124
2014-01-02,133
2014-01-03,153
2014-01-04,136
2014-01-05,134
2014-01-06,167
2014-01-07,140
2014-01-08,107
2014-01-09,120
2014-01-10,137
2014-01-11,142
2014-01-12,133
2014-01-13,117
2014-01-14,96
2014-01-15,93
2014-01-16,80
2014-01-17,74
2014-01-18,116
2014-01-19,110
2014-01-20,133
2014-01-21,129
2014-01-22,154
2014-01-23,146
2014-01-24,116
2014-01-25,100
2014-01-26,97
2014-01-27,76
2014-01-28,77
2014-01-29,94
2014-01-30,99
2014-01-31,93
2014-02-01,94
2014-02-02,118
2014-02-03,127
2014-02-04,144
2014-02-05,167
2014-02-06,171
2014-02-07,147
2014-02-08,147
2014-02-09,147
2014-02-10,137
2014-02-11,158
2014-02-12,161
2014-02-13,147
2014-02-14,130
2014-02-15,113
2014-02-16,103
2014-02-17,106
2014-02-18,127
2014-02-19,126
2014-02-20,133
2014-02-21,136
2014-02-22,146
2014-02-23,158
2014-02-24,153
2014-02-25,171
2014-02-26,207
2014-02-27,220
2014-02-28,196
2014-03-01,155
2014-03-02,158
2014-03-03,161
2014-03-04,141
2014-03-05,154
2014-03-06,127
2014-03-07,134
2014-03-08,116
2014-03-09,111
2014-03-10,113
2014-03-11,111
2014-03-12,132
2014-03-13,112
2014-03-14,109
2014-03-15,111
2014-03-16,122
2014-03-17,126
2014-03-18,136
2014-03-19,141
2014-03-20,139
2014-03-21,126
2014-03-22,146
2014-03-23,151
2014-03-24,137
2014-03-25,136
2014-03-26,112
2014-03-27,115
2014-03-28,122
2014-03-29,118
2014-03-30,101
2014-03-31,118
2014-04-01,96
2014-04-02,114
2014-04-03,133
2014-04-04,158
2014-04-05,135
2014-04-06,121
2014-04-07,114
2014-04-08,117
2014-04-09,94
2014-04-10,65
2014-04-11,61
2014-04-12,73
2014-04-13,80
2014-04-14,105
2014-04-15,145
2014-04-16,187
2014-04-17,199
2014-04-18,178
2014-04-19,178
2014-04-20,173
2014-04-21,150
2014-04-22,123
2014-04-23,85
2014-04-24,72
2014-04-25,57
2014-04-26,45
2014-04-27,77
2014-04-28,80
2014-04-29,77
2014-04-30,82
2014-05-01,88
2014-05-02,115
2014-05-03,123
2014-05-04,127
2014-05-05,142
2014-05-06,148
2014-05-07,120
2014-05-08,132
2014-05-09,139
2014-05-10,123
2014-05-11,150
2014-05-12,154
2014-05-13,133
2014-05-14,166
2014-05-15,156
2014-05-16,133
2014-05-17,151
2014-05-18,138
2014-05-19,102
2014-05-20,87
2014-05-21,85
2014-05-22,66
2014-05-23,91
2014-05-24,109
2014-05-25,109
2014-05-26,91
2014-05-27,78
2014-05-28,70
2014-05-29,48
2014-05-30,55
2014-05-31,57
2014-06-01,64
2014-06-02,62
2014-06-03,74
2014-06-04,64
2014-06-05,87
2014-06-06,119
2014-06-07,133
2014-06-08,142
2014-06-09,156
2014-06-10,162
2014-06-11,174
2014-06-12,197
2014-06-13,182
2014-06-14,137
2014-06-15,74
2014-06-16,84
2014-06-17,95
2014-06-18,120
2014-06-19,95
2014-06-20,80
2014-06-21,93
2014-06-22,90
2014-06-23,77
2014-06-24,40
2014-06-25,55
2014-06-26,67
2014-06-27,67
2014-06-28,71
2014-06-29,93
2014-06-30,132
2014-07-01,134
2014-07-02,145
2014-07-03,167
2014-07-04,172
2014-07-05,194
2014-07-06,185
2014-07-07,197
2014-07-08,183
2014-07-09,162
2014-07-10,161
2014-07-11,144
2014-07-12,119
2014-07-13,86
2014-07-14,62
2014-07-15,18
2014-07-16,10
2014-07-17,0
2014-07-18,15
2014-07-19,35
2014-07-20,35
2014-07-21,17
2014-07-22,39
2014-07-23,65
2014-07-24,62
2014-07-25,64
2014-07-26,58
2014-07-27,78
2014-07-28,109
2014-07-29,137
2014-07-30,122
2014-07-31,131
2014-08-01,165
2014-08-02,165
2014-08-03,153
2014-08-04,146
2014-08-05,128
2014-08-06,113
2014-08-07,123
2014-08-08,89
2014-08-09,83
2014-08-10,62
2014-08-11,69
2014-08-12,75
2014-08-13,79
2014-08-14,86
2014-08-15,107
2014-08-16,109
2014-08-17,116
2014-08-18,105
2014-08-19,93
2014-08-20,102
2014-08-21,120
2014-08-22,125
2014-08-23,150
2014-08-24,149
2014-08-25,116
2014-08-26,86
2014-08-27,95
2014-08-28,82
2014-08-29,66
2014-08-30,76
2014-08-31,82
2014-09-01,96
2014-09-02,110
2014-09-03,102
2014-09-04,120
2014-09-05,116
2014-09-06,142
2014-09-07,165
2014-09-08,154
2014-09-09,175
2014-09-10,169
2014-09-11,160
2014-09-12,126
2014-09-13,125
2014-09-14,104
2014-09-15,94
2014-09-16,114
2014-09-17,123
2014-09-18,82
2014-09-19,79
2014-09-20,80
2014-09-21,95
2014-09-22,101
2014-09-23,119
2014-09-24,108
2014-09-25,144
2014-09-26,165
2014-09-27,181
2014-09-28,193
2014-09-29,180
2014-09-30,178
2014-10-01,135
2014-10-02,126
2014-10-03,117
2014-10-04,105
2014-10-05,89
2014-10-06,68
2014-10-07,68
2014-10-08,74
2014-10-09,59
2014-10-10,36
2014-10-11,30
2014-10-12,30
2014-10-13,42
2014-10-14,74
2014-10-15,89
2014-10-16,70
2014-10-17,64
2014-10-18,61
2014-10-19,92
2014-10-20,110
2014-10-21,107
2014-10-22,123
2014-10-23,132
2014-10-24,138
2014-10-25,136
2014-10-26,132
2014-10-27,107
2014-10-28,101
2014-10-29,92
2014-10-30,102
2014-10-31,80
2014-11-01,90
2014-11-02,98
2014-11-03,112
2014-11-04,109
2014-11-05,137
2014-11-06,101
2014-11-07,106
2014-11-08,86
2014-11-09,75
2014-11-10,69
2014-11-11,89
2014-11-12,92
2014-11-13,112
2014-11-14,102
2014-11-15,111
2014-11-16,103
2014-11-17,99
2014-11-18,77
2014-11-19,65
2014-11-20,74
2014-11-21,75
2014-11-22,84
2014-11-23,78
2014-11-24,103
2014-11-25,117
2014-11-26,139
2014-11-27,152
2014-11-28,143
2014-11-29,157
2014-11-30,154
2014-12-01,141
2014-12-02,125
2014-12-03,115
2014-12-04,93
2014-12-05,65
2014-12-06,57
2014-12-07,57
2014-12-08,71
2014-12-09,69
2014-12-10,90
2014-12-11,104
2014-12-12,115
2014-12-13,140
2014-12-14,162
2014-12-15,166
2014-12-16,175
2014-12-17,178
2014-12-18,154
2014-12-19,175
2014-12-20,138
2014-12-21,137
2014-12-22,118
2014-12-23,115
2014-12-24,93
2014-12-25,97
2014-12-26,88
2014-12-27,91
2014-12-28,100
2014-12-29,94
2014-12-30,88
2014-12-31,88
2015-01-01,104
2015-01-02,122
2015-01-03,102
2015-01-04,105
2015-01-05,88
2015-01-06,89
2015-01-07,103
2015-01-08,99
2015-01-09,111
2015-01-10,106
2015-01-11,122
2015-01-12,124
2015-01-13,101
2015-01-14,80
2015-01-15,59
2015-01-16,52
2015-01-17,40
2015-01-18,68
2015-01-19,66
2015-01-20,56
2015-01-21,43
2015-01-22,50
2015-01-23,60
2015-01-24,59
2015-01-25,62
2015-01-26,109
2015-01-27,126
2015-01-28,141
2015-01-29,146
2015-01-30,153
2015-01-31,138
2015-02-01,113
2015-02-02,93
2015-02-03,89
2015-02-04,96
2015-02-05,93
2015-02-06,89
2015-02-07,76
2015-02-08,84
2015-02-09,88
2015-02-10,84
2015-02-11,60
2015-02-12,51
2015-02-13,62
2015-02-14,53
2015-02-15,65
2015-02-16,41
2015-02-17,39
2015-02-18,87
2015-02-19,89
2015-02-20,64
2015-02-21,58
2015-02-22,43
2015-02-23,46
2015-02-24,44
2015-02-25,21
2015-02-26,22
2015-02-27,58
2015-02-28,60
2015-03-01,65
2015-03-02,52
2015-03-03,42
2015-03-04,37
2015-03-05,26
2015-03-06,35
2015-03-07,17
2015-03-08,28
2015-03-09,23
2015-03-10,27
2015-03-11,44
2015-03-12,56
2015-03-13,76
2015-03-14,55
2015-03-15,53
2015-03-16,46
2015-03-17,38
2015-03-18,41
2015-03-19,49
2015-03-20,20
2015-03-21,26
2015-03-22,81
2015-03-23,99
2015-03-24,108
2015-03-25,99
2015-03-26,105
2015-03-27,101
2015-03-28,81
2015-03-29,72
2015-03-30,51
2015-03-31,38
2015-04-01,43
2015-04-02,35
2015-04-03,35
2015-04-04,54
2015-04-05,55
2015-04-06,53
2015-04-07,51
2015-04-08,43
2015-04-09,47
2015-04-10,41
2015-04-11,59
2015-04-12,86
2015-04-13,103
2015-04-14,105
2015-04-15,96
2015-04-16,100
2015-04-17,117
2015-04-18,140
2015-04-19,137
2015-04-20,128
2015-04-21,127
2015-04-22,138
2015-04-23,117
2015-04-24,83
2015-04-25,69
2015-04-26,65
2015-04-27,47
2015-04-28,41
2015-04-29,30
2015-04-30,15
2015-05-01,19
2015-05-02,34
2015-05-03,44
2015-05-04,103
2015-05-05,104
2015-05-06,124
2015-05-07,145
2015-05-08,150
2015-05-09,139
2015-05-10,163
2015-05-11,163
2015-05-12,165
2015-05-13,172
2015-05-14,164
2015-05-15,124
2015-05-16,103
2015-05-17,89
2015-05-18,101
2015-05-19,77
2015-05-20,59
2015-05-21,50
2015-05-22,73
2015-05-23,72
2015-05-24,78
2015-05-25,67
2015-05-26,53
2015-05-27,14
2015-05-28,12
2015-05-29,33
2015-05-30,31
2015-05-31,29
2015-06-01,27
2015-06-02,44
2015-06-03,49
2015-06-04,80
2015-06-05,90
2015-06-06,109
2015-06-07,124
2015-06-08,112
2015-06-09,92
2015-06-10,93
2015-06-11,95
2015-06-12,98
2015-06-13,97
2015-06-14,90
2015-06-15,54
2015-06-16,70
2015-06-17,80
2015-06-18,77
2015-06-19,68
2015-06-20,64
2015-06-21,61
2015-06-22,56
2015-06-23,45
2015-06-24,36
2015-06-25,27
2015-06-26,23
2015-06-27,21
2015-06-28,32
2015-06-29,39
2015-06-30,41
2015-07-01,54
2015-07-02,75
2015-07-03,88
2015-07-04,99
2015-07-05,109
2015-07-06,97
2015-07-07,112
2015-07-08,123
2015-07-09,110
2015-07-10,103
2015-07-11,92
2015-07-12,71
2015-07-13,53
2015-07-14,43
2015-07-15,43
2015-07-16,50
2015-07-17,50
2015-07-18,58
2015-07-19,44
2015-07-20,36
2015-07-21,36
2015-07-22,36
2015-07-23,29
2015-07-24,31
2015-07-25,34
2015-07-26,40
2015-07-27,51
2015-07-28,62
2015-07-29,67
2015-07-30,76
2015-07-31,69
2015-08-01,64
2015-08-02,53
2015-08-03,61
2015-08-04,90
2015-08-05,94
2015-08-06,108
2015-08-07,112
2015-08-08,93
2015-08-09,76
2015-08-10,69
2015-08-11,78
2015-08-12,66
2015-08-13,55
2015-08-14,46
2015-08-15,39
2015-08-16,38
2015-08-17,33
2015-08-18,39
2015-08-19,50
2015-08-20,65
2015-08-21,73
2015-08-22,71
2015-08-23,81
2015-08-24,81
2015-08-25,69
2015-08-26,47
2015-08-27,55
2015-08-28,44
2015-08-29,56
2015-08-30,56
2015-08-31,35
2015-09-01,43
2015-09-02,36
2015-09-03,29
2015-09-04,37
2015-09-05,27
2015-09-06,43
2015-09-07,44
2015-09-08,42
2015-09-09,57
2015-09-10,46
2015-09-11,81
2015-09-12,89
2015-09-13,83
2015-09-14,56
2015-09-15,68
2015-09-16,86
2015-09-17,75
2015-09-18,71
2015-09-19,64
2015-09-20,65
2015-09-21,78
2015-09-22,86
2015-09-23,96
2015-09-24,101
2015-09-25,152
2015-09-26,162
2015-09-27,169
2015-09-28,156
2015-09-29,120
2015-09-30,95
2015-10-01,93
2015-10-02,62
2015-10-03,51
2015-10-04,22
2015-10-05,20
2015-10-06,26
2015-10-07,33
2015-10-08,37
2015-10-09,26
2015-10-10,13
2015-10-11,30
2015-10-12,53
2015-10-13,65
2015-10-14,57
2015-10-15,55
2015-10-16,59
2015-10-17,79
2015-10-18,75
2015-10-19,94
2015-10-20,95
2015-10-21,89
2015-10-22,107
2015-10-23,94
2015-10-24,78
2015-10-25,67
2015-10-26,78
2015-10-27,67
2015-10-28,81
2015-10-29,93
2015-10-30,88
2015-10-31,86
2015-11-01,85
2015-11-02,101
2015-11-03,82
2015-11-04,100
2015-11-05,82
2015-11-06,78
2015-11-07,82
2015-11-08,75
2015-11-09,66
2015-11-10,71
2015-11-11,61
2015-11-12,60
2015-11-13,49
2015-11-14,39
2015-11-15,56
2015-11-16,38
2015-11-17,34
2015-11-18,30
2015-11-19,41
2015-11-20,55
2015-11-21,58
2015-11-22,71
2015-11-23,56
2015-11-24,59
2015-11-25,61
2015-11-26,65
2015-11-27,61
2015-11-28,51
2015-11-29,51
2015-11-30,47
2015-12-01,32
2015-12-02,49
2015-12-03,36
2015-12-04,33
2015-12-05,50
2015-12-06,54
2015-12-07,61
2015-12-08,60
2015-12-09,78
2015-12-10,82
2015-12-11,83
2015-12-12,83
2015-12-13,81
2015-12-14,86
2015-12-15,65
2015-12-16,63
2015-12-17,56
2015-12-18,54
2015-12-19,49
2015-12-20,22
2015-12-21,18
2015-12-22,72
2015-12-23,68
2015-12-24,69
2015-12-25,76
2015-12-26,65
2015-12-27,67
2015-12-28,71
2015-12-29,57
2015-12-30,37
2015-12-31,22
2016-01-01,37
2016-01-02,40
2016-01-03,51
2016-01-04,70
2016-01-05,35
2016-01-06,31
2016-01-07,61
2016-01-08,86
2016-01-09,97
2016-01-10,90
2016-01-11,47
2016-01-12,40
2016-01-13,38
2016-01-14,41
2016-01-15,45
2016-01-16,44
2016-01-17,58
2016-01-18,54
2016-01-19,66
2016-01-20,62
2016-01-21,64
2016-01-22,67
2016-01-23,63
2016-01-24,48
2016-01-25,67
2016-01-26,69
2016-01-27,83
2016-01-28,77
2016-01-29,64
2016-01-30,36
2016-01-31,35
2016-02-01,44
2016-02-02,52
2016-02-03,83
2016-02-04,108
2016-02-05,103
2016-02-06,79
2016-02-07,89
2016-02-08,89
2016-02-09,84
2016-02-10,75
2016-02-11,85
2016-02-12,63
2016-02-13,38
2016-02-14,46
2016-02-15,50
2016-02-16,42
2016-02-17,38
2016-02-18,36
2016-02-19,46
2016-02-20,52
2016-02-21,47
2016-02-22,34
2016-02-23,37
2016-02-24,34
2016-02-25,26
2016-02-26,48
2016-02-27,26
2016-02-28,36
2016-02-29,45
2016-03-01,68
2016-03-02,78
2016-03-03,77
2016-03-04,111
2016-03-05,83
2016-03-06,78
2016-03-07,79
2016-03-08,63
2016-03-09,91
2016-03-10,80
2016-03-11,51
2016-03-12,70
2016-03-13,57
2016-03-14,70
2016-03-15,59
2016-03-16,79
2016-03-17,72
2016-03-18,47
2016-03-19,37
2016-03-20,36
2016-03-21,33
2016-03-22,20
2016-03-23,21
2016-03-24,35
2016-03-25,34
2016-03-26,32
2016-03-27,32
2016-03-28,30
2016-03-29,20
2016-03-30,17
2016-03-31,16
2016-04-01,12
2016-04-02,12
2016-04-03,12
2016-04-04,40
2016-04-05,33
2016-04-06,20
2016-04-07,18
2016-04-08,26
2016-04-09,25
2016-04-10,34
2016-04-11,43
2016-04-12,37
2016-04-13,48
2016-04-14,46
2016-04-15,33
2016-04-16,42
2016-04-17,36
2016-04-18,31
2016-04-19,28
2016-04-20,25
2016-04-21,26
2016-04-22,21
2016-04-23,13
2016-04-24,37
2016-04-25,45
2016-04-26,57
2016-04-27,76
2016-04-28,90
2016-04-29,82
2016-04-30,89
2016-05-01,87
2016-05-02,83
2016-05-03,73
2016-05-04,71
2016-05-05,60
2016-05-06,57
2016-05-07,34
2016-05-08,44
2016-05-09,52
2016-05-10,76
2016-05-11,79
2016-05-12,83
2016-05-13,78
2016-05-14,88
2016-05-15,87
2016-05-16,55
2016-05-17,38
2016-05-18,30
2016-05-19,43
2016-05-20,46
2016-05-21,18
2016-05-22,28
2016-05-23,16
2016-05-24,25
2016-05-25,35
2016-05-26,34
2016-05-27,34
2016-05-28,33
2016-05-29,33
2016-05-30,41
2016-05-31,36
2016-06-01,41
2016-06-02,14
2016-06-03,0
2016-06-04,10
2016-06-05,0
2016-06-06,0
2016-06-07,12
2016-06-08,14
2016-06-09,19
2016-06-10,33
2016-06-11,44
2016-06-12,42
2016-06-13,38
2016-06-14,38
2016-06-15,40
2016-06-16,28
2016-06-17,39
2016-06-18,47
2016-06-19,50
2016-06-20,36
2016-06-21,24
2016-06-22,23
2016-06-23,12
2016-06-24,12
2016-06-25,0
2016-06-26,0
2016-06-27,0
2016-06-28,0
2016-06-29,0
2016-06-30,0
2016-07-01,0
2016-07-02,11
2016-07-03,19
2016-07-04,0
2016-07-05,13
2016-07-06,13
2016-07-07,25
2016-07-08,41
2016-07-09,56
2016-07-10,50
2016-07-11,62
2016-07-12,59
2016-07-13,53
2016-07-14,58
2016-07-15,69
2016-07-16,60
2016-07-17,39
2016-07-18,64
2016-07-19,59
2016-07-20,56
2016-07-21,52
2016-07-22,39
2016-07-23,27
2016-07-24,13
2016-07-25,0
2016-07-26,0
2016-07-27,0
2016-07-28,13
2016-07-29,15
2016-07-30,21
2016-07-31,16
2016-08-01,12
2016-08-02,12
2016-08-03,0
2016-08-04,16
2016-08-05,38
2016-08-06,39
2016-08-07,51
2016-08-08,81
2016-08-09,72
2016-08-10,77
2016-08-11,79
2016-08-12,71
2016-08-13,58
2016-08-14,59
2016-08-15,63
2016-08-16,80
2016-08-17,58
2016-08-18,49
2016-08-19,47
2016-08-20,16
2016-08-21,14
2016-08-22,28
2016-08-23,48
2016-08-24,49
2016-08-25,48
2016-08-26,49
2016-08-27,58
2016-08-28,64
2016-08-29,68
2016-08-30,74
2016-08-31,77
2016-09-01,78
2016-09-02,67
2016-09-03,65
2016-09-04,49
2016-09-05,31
2016-09-06,43
2016-09-07,57
2016-09-08,53
2016-09-09,79
2016-09-10,78
2016-09-11,67
2016-09-12,59
2016-09-13,39
2016-09-14,28
2016-09-15,15
2016-09-16,13
2016-09-17,14
2016-09-18,38
2016-09-19,63
2016-09-20,53
2016-09-21,55
2016-09-22,36
2016-09-23,60
2016-09-24,55
2016-09-25,30
2016-09-26,29
2016-09-27,26
2016-09-28,30
2016-09-29,17
2016-09-30,12
2016-10-01,0
2016-10-02,15
2016-10-03,35
2016-10-04,40
2016-10-05,41
2016-10-06,56
2016-10-07,60
2016-10-08,63
2016-10-09,68
2016-10-10,66
2016-10-11,63
2016-10-12,41
2016-10-13,42
2016-10-14,41
2016-10-15,38
2016-10-16,29
2016-10-17,27
2016-10-18,29
2016-10-19,28
2016-10-20,16
2016-10-21,28
2016-10-22,27
2016-10-23,15
2016-10-24,15
2016-10-25,17
2016-10-26,25
2016-10-27,25
2016-10-28,37
2016-10-29,23
2016-10-30,13
2016-10-31,13
2016-11-01,12
2016-11-02,0
2016-11-03,27
2016-11-04,25
2016-11-05,25
2016-11-06,22
2016-11-07,11
2016-11-08,0
2016-11-09,14
2016-11-10,24
2016-11-11,26
2016-11-12,12
2016-11-13,36
2016-11-14,31
2016-11-15,27
2016-11-16,27
2016-11-17,29
2016-11-18,28
2016-11-19,24
2016-11-20,13
2016-11-21,0
2016-11-22,0
2016-11-23,11
2016-11-24,12
2016-11-25,13
2016-11-26,25
2016-11-27,30
2016-11-28,41
2016-11-29,46
2016-11-30,51
2016-12-01,55
2016-12-02,61
2016-12-03,56
2016-12-04,38
2016-12-05,34
2016-12-06,31
2016-12-07,19
2016-12-08,14
2016-12-09,20
2016-12-10,0
2016-12-11,0
2016-12-12,12
2016-12-13,14
2016-12-14,23
2016-12-15,12
2016-12-16,0
2016-12-17,13
2016-12-18,27
2016-12-19,15
2016-12-20,22
2016-12-21,30
2016-12-22,16
2016-12-23,0
2016-12-24,0
2016-12-25,0
2016-12-26,0
2016-12-27,16
2016-12-28,12
2016-12-29,11
2016-12-30,11
2016-12-31,11
2017-01-01,12
2017-01-02,12
2017-01-03,11
2017-01-04,0
2017-01-05,0
2017-01-06,0
2017-01-07,0
2017-01-08,0
2017-01-09,0
2017-01-10,0
2017-01-11,0
2017-01-12,11
2017-01-13,26
2017-01-14,31
2017-01-15,30
2017-01-16,25
2017-01-17,30
2017-01-18,36
2017-01-19,33
2017-01-20,56
2017-01-21,75
2017-01-22,68
2017-01-23,57
2017-01-24,43
2017-01-25,47
2017-01-26,40
2017-01-27,30
2017-01-28,30
2017-01-29,34
2017-01-30,35
2017-01-31,36
2017-02-01,47
2017-02-02,47
2017-02-03,39
2017-02-04,20
2017-02-05,14
2017-02-06,13
2017-02-07,13
2017-02-08,11
2017-02-09,19
2017-02-10,24
2017-02-11,23
2017-02-12,21
2017-02-13,19
2017-02-14,16
2017-02-15,24
2017-02-16,19
2017-02-17,14
2017-02-18,13
2017-02-19,27
2017-02-20,32
2017-02-21,27
2017-02-22,29
2017-02-23,24
2017-02-24,27
2017-02-25,32
2017-02-26,38
2017-02-27,50
2017-02-28,58
2017-03-01,59
2017-03-02,56
2017-03-03,39
2017-03-04,0
2017-03-05,14
2017-03-06,0
2017-03-07,0
2017-03-08,0
2017-03-09,0
2017-03-10,0
2017-03-11,0
2017-03-12,0
2017-03-13,0
2017-03-14,0
2017-03-15,0
2017-03-16,0
2017-03-17,0
2017-03-18,0
2017-03-19,0
2017-03-20,0
2017-03-21,13
2017-03-22,14
2017-03-23,14
2017-03-24,14
2017-03-25,18
2017-03-26,31
2017-03-27,52
2017-03-28,57
2017-03-29,52
2017-03-30,49
2017-03-31,66
2017-04-01,71
2017-04-02,83
2017-04-03,100
2017-04-04,76
2017-04-05,50
2017-04-06,36
2017-04-07,23
2017-04-08,0
2017-04-09,12
2017-04-10,14
2017-04-11,14
2017-04-12,22
2017-04-13,25
2017-04-14,19
2017-04-15,0
2017-04-16,0
2017-04-17,0
2017-04-18,23
2017-04-19,15
2017-04-20,28
2017-04-21,40
2017-04-22,30
2017-04-23,43
2017-04-24,46
2017-04-25,41
2017-04-26,38
2017-04-27,26
2017-04-28,36
2017-04-29,34
2017-04-30,24
2017-05-01,12
2017-05-02,29
2017-05-03,18
2017-05-04,17
2017-05-05,31
2017-05-06,27
2017-05-07,23
2017-05-08,11
2017-05-09,0
2017-05-10,0
2017-05-11,11
2017-05-12,15
2017-05-13,0
2017-05-14,0
2017-05-15,0
2017-05-16,25
2017-05-17,12
2017-05-18,24
2017-05-19,25
2017-05-20,30
2017-05-21,37
2017-05-22,50
2017-05-23,55
2017-05-24,20
2017-05-25,31
2017-05-26,25
2017-05-27,24
2017-05-28,21
2017-05-29,14
2017-05-30,0
2017-05-31,0
2017-06-01,15
2017-06-02,23
2017-06-03,24
2017-06-04,25
2017-06-05,34
2017-06-06,24
2017-06-07,14
2017-06-08,14
2017-06-09,0
2017-06-10,0
2017-06-11,0
2017-06-12,0
2017-06-13,11
2017-06-14,11
2017-06-15,31
2017-06-16,30
2017-06-17,30
2017-06-18,29
2017-06-19,27
2017-06-20,31
2017-06-21,35
2017-06-22,24
2017-06-23,23
2017-06-24,25
2017-06-25,18
2017-06-26,21
2017-06-27,19
2017-06-28,16
2017-06-29,12
2017-06-30,11
2017-07-01,23
2017-07-02,13
2017-07-03,0
2017-07-04,0
2017-07-05,7
2017-07-06,16
2017-07-07,26
2017-07-08,31
2017-07-09,43
2017-07-10,45
2017-07-11,38
2017-07-12,61
2017-07-13,59
2017-07-14,52
2017-07-15,33
2017-07-16,21
2017-07-17,22
2017-07-18,0
2017-07-19,0
2017-07-20,0
2017-07-21,0
2017-07-22,0
2017-07-23,0
2017-07-24,0
2017-07-25,12
2017-07-26,12
2017-07-27,0
2017-07-28,11
2017-07-29,12
2017-07-30,15
2017-07-31,0
2017-08-01,13
2017-08-02,13
2017-08-03,13
2017-08-04,14
2017-08-05,13
2017-08-06,13
2017-08-07,12
2017-08-08,13
2017-08-09,12
2017-08-10,14
2017-08-11,12
2017-08-12,13
2017-08-13,12
2017-08-14,13
2017-08-15,22
2017-08-16,33
2017-08-17,45
2017-08-18,45
2017-08-19,50
2017-08-20,60
2017-08-21,63
2017-08-22,63
2017-08-23,69
2017-08-24,54
2017-08-25,53
2017-08-26,48
2017-08-27,38
2017-08-28,23
2017-08-29,40
2017-08-30,51
2017-08-31,73
2017-09-01,59
2017-09-02,56
2017-09-03,105
2017-09-04,112
2017-09-05,119
2017-09-06,100
2017-09-07,97
2017-09-08,88
2017-09-09,62
2017-09-10,40
2017-09-11,29
2017-09-12,11
2017-09-13,23
2017-09-14,12
2017-09-15,12
2017-09-16,13
2017-09-17,14
2017-09-18,13
2017-09-19,11
2017-09-20,21
2017-09-21,22
2017-09-22,21
2017-09-23,12
2017-09-24,23
2017-09-25,36
2017-09-26,39
2017-09-27,37
2017-09-28,42
2017-09-29,42
2017-09-30,40
2017-10-01,35
2017-10-02,25
2017-10-03,24
2017-10-04,27
2017-10-05,26
2017-10-06,23
2017-10-07,11
2017-10-08,11
2017-10-09,0
2017-10-10,0
2017-10-11,0
2017-10-12,0
2017-10-13,0
2017-10-14,11
2017-10-15,0
2017-10-16,0
2017-10-17,0
2017-10-18,0
2017-10-19,0
2017-10-20,0
2017-10-21,11
2017-10-22,11
2017-10-23,23
2017-10-24,23
2017-10-25,23
2017-10-26,23
2017-10-27,23
2017-10-28,24
2017-10-29,23
2017-10-30,21
2017-10-31,11
2017-11-01,0
2017-11-02,0
2017-11-03,0
2017-11-04,0
2017-11-05,0
2017-11-06,0
2017-11-07,0
2017-11-08,0
2017-11-09,0
2017-11-10,0
2017-11-11,0
2017-11-12,0
2017-11-13,0
2017-11-14,13
2017-11-15,15
2017-11-16,16
2017-11-17,25
2017-11-18,15
2017-11-19,0
2017-11-20,0
2017-11-21,0
2017-11-22,0
2017-11-23,0
2017-11-24,0
2017-11-25,15
2017-11-26,17
2017-11-27,16
2017-11-28,15
2017-11-29,13
2017-11-30,11
2017-12-01,0
2017-12-02,0
2017-12-03,0
2017-12-04,0
2017-12-05,0
2017-12-06,13
2017-12-07,11
2017-12-08,0
2017-12-09,0
2017-12-10,11
2017-12-11,13
2017-12-12,13
2017-12-13,0
2017-12-14,0
2017-12-15,0
2017-12-16,0
2017-12-17,0
2017-12-18,0
2017-12-19,11
2017-12-20,16
2017-12-21,19
2017-12-22,25
2017-12-23,26
2017-12-24,29
2017-12-25,24
2017-12-26,16
2017-12-27,13
2017-12-28,0
2017-12-29,0
2017-12-30,0
2017-12-31,13
2018-01-01,0
2018-01-02,0
2018-01-03,0
2018-01-04,13
2018-01-05,11
2018-01-06,11
2018-01-07,12
2018-01-08,13
2018-01-09,16
2018-01-10,20
2018-01-11,12
2018-01-12,0
2018-01-13,0
2018-01-14,12
2018-01-15,13
2018-01-16,15
2018-01-17,16
2018-01-18,12
2018-01-19,12
2018-01-20,0
2018-01-21,0
2018-01-22,0
2018-01-23,0
2018-01-24,0
2018-01-25,0
2018-01-26,0
2018-01-27,0
2018-01-28,0
2018-01-29,0
2018-01-30,11
2018-01-31,12
2018-02-01,0
2018-02-02,0
2018-02-03,0
2018-02-04,11
2018-02-05,13
2018-02-06,16
2018-02-07,20
2018-02-08,22
2018-02-09,25
2018-02-10,25
2018-02-11,28
2018-02-12,25
2018-02-13,23
2018-02-14,20
2018-02-15,16
2018-02-16,12
2018-02-17,0
2018-02-18,0
2018-02-19,0
2018-02-20,0
2018-02-21,0
2018-02-22,0
2018-02-23,0
2018-02-24,0
2018-02-25,0
2018-02-26,16
2018-02-27,15
2018-02-28,12
2018-03-01,12
2018-03-02,11
2018-03-03,0
2018-03-04,0
2018-03-05,0
2018-03-06,0
2018-03-07,0
2018-03-08,0
2018-03-09,0
2018-03-10,0
2018-03-11,0
2018-03-12,0
2018-03-13,0
2018-03-14,0
2018-03-15,0
2018-03-16,0
2018-03-17,14
2018-03-18,14
2018-03-19,0
2018-03-20,0
2018-03-21,0
2018-03-22,0
2018-03-23,0
2018-03-24,0
2018-03-25,0
2018-03-26,0
2018-03-27,0
2018-03-28,0
2018-03-29,0
2018-03-30,12
2018-03-31,13
2018-04-01,11
2018-04-02,0
2018-04-03,0
2018-04-04,0
2018-04-05,0
2018-04-06,0
2018-04-07,0
2018-04-08,0
2018-04-09,0
2018-04-10,12
2018-04-11,0
2018-04-12,13
2018-04-13,16
2018-04-14,11
2018-04-15,13
2018-04-16,12
2018-04-17,11
2018-04-18,0
2018-04-19,13
2018-04-20,16
2018-04-21,27
2018-04-22,22
2018-04-23,23
2018-04-24,21
2018-04-25,18
2018-04-26,15
2018-04-27,14
2018-04-28,0
2018-04-29,0
2018-04-30,0
2018-05-01,0
2018-05-02,0
2018-05-03,0
2018-05-04,13
2018-05-05,14
2018-05-06,15
2018-05-07,14
2018-05-08,20
2018-05-09,23
2018-05-10,11
2018-05-11,11
2018-05-12,13
2018-05-13,12
2018-05-14,0
2018-05-15,0
2018-05-16,0
2018-05-17,0
2018-05-18,0
2018-05-19,0
2018-05-20,0
2018-05-21,12
2018-05-22,13
2018-05-23,27
2018-05-24,33
2018-05-25,30
2018-05-26,27
2018-05-27,33
2018-05-28,20
2018-05-29,23
2018-05-30,21
2018-05-31,22
2018-06-01,22
2018-06-02,21
2018-06-03,13
2018-06-04,0
2018-06-05,0
2018-06-06,11
2018-06-07,10
2018-06-08,0
2018-06-09,0
2018-06-10,0
2018-06-11,0
2018-06-12,11
2018-06-13,15
2018-06-14,15
2018-06-15,14
2018-06-16,14
2018-06-17,14
2018-06-18,29
2018-06-19,33
2018-06-20,56
2018-06-21,48
2018-06-22,41
2018-06-23,37
2018-06-24,19
2018-06-25,16
2018-06-26,14
2018-06-27,14
2018-06-28,0
2018-06-29,0
2018-06-30,0
2018-07-01,0
2018-07-02,0
2018-07-03,0
2018-07-04,0
2018-07-05,0
2018-07-06,0
2018-07-07,0
2018-07-08,0
2018-07-09,0
2018-07-10,0
2018-07-11,0
2018-07-12,0
2018-07-13,13
2018-07-14,12
2018-07-15,12
2018-07-16,0
2018-07-17,0
2018-07-18,0
2018-07-19,0
2018-07-20,0
2018-07-21,12
2018-07-22,0
2018-07-23,0
2018-07-24,0
2018-07-25,0
2018-07-26,0
2018-07-27,0
2018-07-28,0
2018-07-29,0
2018-07-30,0
2018-07-31,0
2018-08-01,12
2018-08-02,11
2018-08-03,0
2018-08-04,0
2018-08-05,0
2018-08-06,0
2018-08-07,0
2018-08-08,0
2018-08-09,0
2018-08-10,0
2018-08-11,0
2018-08-12,0
2018-08-13,0
2018-08-14,12
2018-08-15,13
2018-08-16,13
2018-08-17,12
2018-08-18,11
2018-08-19,14
2018-08-20,16
2018-08-21,16
2018-08-22,12
2018-08-23,15
2018-08-24,29
2018-08-25,32
2018-08-26,28
2018-08-27,13
2018-08-28,11
2018-08-29,0
2018-08-30,0
2018-08-31,0
2018-09-01,0
2018-09-02,0
2018-09-03,0
2018-09-04,0
2018-09-05,0
2018-09-06,0
2018-09-07,0
2018-09-08,16
2018-09-09,14
2018-09-10,12
2018-09-11,16
2018-09-12,14
2018-09-13,0
2018-09-14,0
2018-09-15,0
2018-09-16,0
2018-09-17,13
2018-09-18,0
2018-09-19,0
2018-09-20,0
2018-09-21,0
2018-09-22,0
2018-09-23,0
2018-09-24,0
2018-09-25,0
2018-09-26,0
2018-09-27,0
2018-09-28,0
2018-09-29,0
2018-09-30,15
2018-10-01,17
2018-10-02,14
2018-10-03,12
2018-10-04,11
2018-10-05,0
2018-10-06,0
2018-10-07,0
2018-10-08,0
2018-10-09,0
2018-10-10,0
2018-10-11,5
2018-10-12,13
2018-10-13,26
2018-10-14,23
2018-10-15,17
2018-10-16,0
2018-10-17,11
2018-10-18,0
2018-10-19,0
2018-10-20,0
2018-10-21,4
2018-10-22,0
2018-10-23,0
2018-10-24,0
2018-10-25,0
2018-10-26,0
2018-10-27,0
2018-10-28,0
2018-10-29,0
2018-10-30,0
2018-10-31,0
2018-11-01,0
2018-11-02,0
2018-11-03,0
2018-11-04,0
2018-11-05,0
2018-11-06,0
2018-11-07,0
2018-11-08,5
2018-11-09,11
2018-11-10,3
2018-11-11,0
2018-11-12,15
2018-11-13,11
2018-11-14,11
2018-11-15,13
2018-11-16,15
2018-11-17,15
2018-11-18,14
2018-11-19,12
2018-11-20,0
2018-11-21,0
2018-11-22,0
2018-11-23,0
2018-11-24,9
2018-11-25,11
2018-11-26,3
2018-11-27,0
2018-11-28,0
2018-11-29,0
2018-11-30,0
2018-12-01,0
2018-12-02,0
2018-12-03,0
2018-12-04,0
2018-12-05,17
2018-12-06,21
2018-12-07,18
2018-12-08,5
2018-12-09,0
2018-12-10,0
2018-12-11,13
2018-12-12,0
2018-12-13,0
2018-12-14,11
2018-12-15,12
2018-12-16,0
2018-12-17,0
2018-12-18,0
2018-12-19,0
2018-12-20,0
2018-12-21,0
2018-12-22,0
2018-12-23,0
2018-12-24,0
2018-12-25,0
2018-12-26,0
2018-12-27,0
2018-12-28,0
2018-12-29,0
2018-12-30,0
2018-12-31,0
2019-01-01,12
2019-01-02,15
2019-01-03,15
2019-01-04,13
2019-01-05,11
2019-01-06,0
2019-01-07,0
2019-01-08,0
2019-01-09,0
2019-01-10,0
2019-01-11,0
2019-01-12,0
2019-01-13,0
2019-01-14,0
2019-01-15,0
2019-01-16,0
2019-01-17,0
2019-01-18,0
2019-01-19,0
2019-01-20,0
2019-01-21,10
2019-01-22,16
2019-01-23,19
2019-01-24,21
2019-01-25,22
2019-01-26,26
2019-01-27,19
2019-01-28,16
2019-01-29,13
2019-01-30,11
2019-01-31,0
2019-02-01,0
2019-02-02,0
2019-02-03,0
2019-02-04,0
2019-02-05,0
2019-02-06,0
2019-02-07,0
2019-02-08,0
2019-02-09,0
2019-02-10,0
2019-02-11,0
2019-02-12,0
2019-02-13,12
2019-02-14,0
2019-02-15,0
2019-02-16,0
2019-02-17,0
2019-02-18,0
2019-02-19,0
2019-02-20,0
2019-02-21,11
2019-02-22,0
2019-02-23,0
2019-02-24,0
2019-02-25,0
2019-02-26,0
2019-02-27,0
2019-02-28,0
2019-03-01,0
2019-03-02,0
2019-03-03,0
2019-03-04,0
2019-03-05,14
2019-03-06,18
2019-03-07,16
2019-03-08,11
2019-03-09,11
2019-03-10,11
2019-03-11,11
2019-03-12,11
2019-03-13,0
2019-03-14,12
2019-03-15,0
2019-03-16,0
2019-03-17,0
2019-03-18,13
2019-03-19,15
2019-03-20,32
2019-03-21,38
2019-03-22,30
2019-03-23,22
2019-03-24,14
2019-03-25,0
2019-03-26,0
2019-03-27,0
2019-03-28,0
2019-03-29,0
2019-03-30,0
2019-03-31,13
2019-04-01,14
2019-04-02,17
2019-04-03,19
2019-04-04,11
2019-04-05,5
2019-04-06,0
2019-04-07,11
2019-04-08,12
2019-04-09,12
2019-04-10,13
2019-04-11,12
2019-04-12,13
2019-04-13,16
2019-04-14,14
2019-04-15,12
2019-04-16,11
2019-04-17,16
2019-04-18,24
2019-04-19,24
2019-04-20,11
2019-04-21,5
2019-04-22,0
2019-04-23,0
2019-04-24,0
2019-04-25,0
2019-04-26,0
2019-04-27,0
2019-04-28,0
2019-04-29,0
2019-04-30,0
2019-05-01,0
2019-05-02,0
2019-05-03,0
2019-05-04,12
2019-05-05,12
2019-05-06,16
2019-05-07,26
2019-05-08,25
2019-05-09,26
2019-05-10,26
2019-05-11,27
2019-05-12,26
2019-05-13,24
2019-05-14,24
2019-05-15,18
2019-05-16,13
2019-05-17,13
2019-05-18,12
2019-05-19,0
2019-05-20,0
2019-05-21,0
2019-05-22,0
2019-05-23,0
2019-05-24,0
2019-05-25,0
2019-05-26,0
2019-05-27,0
2019-05-28,0
2019-05-29,7
2019-05-30,0
2019-05-31,0
2019-06-01,0
2019-06-02,0
2019-06-03,0
2019-06-04,0
2019-06-05,0
2019-06-06,0
2019-06-07,0
2019-06-08,0
2019-06-09,0
2019-06-10,0
2019-06-11,0
2019-06-12,0
2019-06-13,0
2019-06-14,0
2019-06-15,0
2019-06-16,0
2019-06-17,0
2019-06-18,0
2019-06-19,0
2019-06-20,0
2019-06-21,0
2019-06-22,0
2019-06-23,0
2019-06-24,11
2019-06-25,12
2019-06-26,7
2019-06-27,0
2019-06-28,0
2019-06-29,5
2019-06-30,0
2019-07-01,5
2019-07-02,0
2019-07-03,0
2019-07-04,0
2019-07-05,0
2019-07-06,0
2019-07-07,9
2019-07-08,5
2019-07-09,0
2019-07-10,0
2019-07-11,0
2019-07-12,0
2019-07-13,0
2019-07-14,0
2019-07-15,0
2019-07-16,0
2019-07-17,0
2019-07-18,0
2019-07-19,0
2019-07-20,0
2019-07-21,0
2019-07-22,8
2019-07-23,0
2019-07-24,0
2019-07-25,0
2019-07-26,0
2019-07-27,0
2019-07-28,0
2019-07-29,0
2019-07-30,0
2019-07-31,0
2019-08-01,0
2019-08-02,0
2019-08-03,0
2019-08-04,0
2019-08-05,8
2019-08-06,0
2019-08-07,7
2019-08-08,0
2019-08-09,0
2019-08-10,0
2019-08-11,0
2019-08-12,0
2019-08-13,0
2019-08-14,0
2019-08-15,0
2019-08-16,0
2019-08-17,0
2019-08-18,0
2019-08-19,0
2019-08-20,0
2019-08-21,0
2019-08-22,0
2019-08-23,0
2019-08-24,0
2019-08-25,0
2019-08-26,0
2019-08-27,0
2019-08-28,0
2019-08-29,0
2019-08-30,0
2019-08-31,0
2019-09-01,14
2019-09-02,14
2019-09-03,5
2019-09-04,0
2019-09-05,0
2019-09-06,0
2019-09-07,0
2019-09-08,0
2019-09-09,0
2019-09-10,0
2019-09-11,0
2019-09-12,0
2019-09-13,0
2019-09-14,0
2019-09-15,0
2019-09-16,0
2019-09-17,0
2019-09-18,0
2019-09-19,0
2019-09-20,0
2019-09-21,0
2019-09-22,0
2019-09-23,0
2019-09-24,0
2019-09-25,0
2019-09-26,0
2019-09-27,0
2019-09-28,0
2019-09-29,0
2019-09-30,0
2019-10-01,6
2019-10-02,6
2019-10-03,0
2019-10-04,0
2019-10-05,0
2019-10-06,0
2019-10-07,0
2019-10-08,0
2019-10-09,0
2019-10-10,0
2019-10-11,0
2019-10-12,0
2019-10-13,0
2019-10-14,0
2019-10-15,0
2019-10-16,0
2019-10-17,0
2019-10-18,0
2019-10-19,0
2019-10-20,0
2019-10-21,0
2019-10-22,0
2019-10-23,0
2019-10-24,0
2019-10-25,0
2019-10-26,0
2019-10-27,0
2019-10-28,0
2019-10-29,0
2019-10-30,0
2019-10-31,0
2019-11-01,7
2019-11-02,0
2019-11-03,0
2019-11-04,4
2019-11-05,0
2019-11-06,0
2019-11-07,0
2019-11-08,0
2019-11-09,0
2019-11-10,0
2019-11-11,0
2019-11-12,0
2019-11-13,3
2019-11-14,0
2019-11-15,0
2019-11-16,0
2019-11-17,0
2019-11-18,0
2019-11-19,0
2019-11-20,0
2019-11-21,0
2019-11-22,0
2019-11-23,0
2019-11-24,0
2019-11-25,0
2019-11-26,0
2019-11-27,0
2019-11-28,0
2019-11-29,0
2019-11-30,0
2019-12-01,0
2019-12-02,0
2019-12-03,0
2019-12-04,0
2019-12-05,0
2019-12-06,0
2019-12-07,0
2019-12-08,0
2019-12-09,0
2019-12-10,0
2019-12-11,0
2019-12-12,0
2019-12-13,0
2019-12-14,0
2019-12-15,0
2019-12-16,0
2019-12-17,0
2019-12-18,0
2019-12-19,0
2019-12-20,0
2019-12-21,0
2019-12-22,0
2019-12-23,0
2019-12-24,16
2019-12-25,23
2019-12-26,8
2019-12-27,0
2019-12-28,0
2019-12-29,0
2019-12-30,0
2019-12-31,0
2020-01-01,6
2020-01-02,12
2020-01-03,13
2020-01-04,12
2020-01-05,14
2020-01-06,7
2020-01-07,4
2020-01-08,4
2020-01-09,15
2020-01-10,4
2020-01-11,0
2020-01-12,0
2020-01-13,0
2020-01-14,0
2020-01-15,0
2020-01-16,0
2020-01-17,0
2020-01-18,0
2020-01-19,0
2020-01-20,0
2020-01-21,0
2020-01-22,0
2020-01-23,0
2020-01-24,8
2020-01-25,12
2020-01-26,19
2020-01-27,14
2020-01-28,12
2020-01-29,12
2020-01-30,12
2020-01-31,12
2020-02-01,6
2020-02-02,0
2020-02-03,0
2020-02-04,0
2020-02-05,0
2020-02-06,0
2020-02-07,0
2020-02-08,0
2020-02-09,0
2020-02-10,0
2020-02-11,0
2020-02-12,0
2020-02-13,0
2020-02-14,0
2020-02-15,0
2020-02-16,0
2020-02-17,0
2020-02-18,0
2020-02-19,0
2020-02-20,0
2020-02-21,0
2020-02-22,0
2020-02-23,0
2020-02-24,0
2020-02-25,0
2020-02-26,0
2020-02-27,0
2020-02-28,0
2020-02-29,0
2020-03-01,0
2020-03-02,0
2020-03-03,0
2020-03-04,0
2020-03-05,0
2020-03-06,0
2020-03-07,2
2020-03-08,16
2020-03-09,11
2020-03-10,0
2020-03-11,0
2020-03-12,0
2020-03-13,0
2020-03-14,0
2020-03-15,0
2020-03-16,0
2020-03-17,0
2020-03-18,3
2020-03-19,0
2020-03-20,0
2020-03-21,0
2020-03-22,0
2020-03-23,0
2020-03-24,0
2020-03-25,0
2020-03-26,0
2020-03-27,0
2020-03-28,0
2020-03-29,0
2020-03-30,3
2020-03-31,11
2020-04-01,13
2020-04-02,13
2020-04-03,13
2020-04-04,13
2020-04-05,0
2020-04-06,0
2020-04-07,0
2020-04-08,0
2020-04-09,0
2020-04-10,0
2020-04-11,0
2020-04-12,0
2020-04-13,0
2020-04-14,0
2020-04-15,0
2020-04-16,0
2020-04-17,0
2020-04-18,0
2020-04-19,0
2020-04-20,0
2020-04-21,0
2020-04-22,0
2020-04-23,0
2020-04-24,0
2020-04-25,6
2020-04-26,13
2020-04-27,26
2020-04-28,15
2020-04-29,24
2020-04-30,20
2020-05-01,4
2020-05-02,0
2020-05-03,0
2020-05-04,0
2020-05-05,0
2020-05-06,0
2020-05-07,0
2020-05-08,0
2020-05-09,0
2020-05-10,0
2020-05-11,0
2020-05-12,0
2020-05-13,0
2020-05-14,0
2020-05-15,0
2020-05-16,0
2020-05-17,0
2020-05-18,0
2020-05-19,0
2020-05-20,0
2020-05-21,0
2020-05-22,0
2020-05-23,0
2020-05-24,0
2020-05-25,0
2020-05-26,0
2020-05-27,0
2020-05-28,0
2020-05-29,0
2020-05-30,0
2020-05-31,2
2020-06-01,6
2020-06-02,0
2020-06-03,9
2020-06-04,11
2020-06-05,13
2020-06-06,16
2020-06-07,16
2020-06-08,16
2020-06-09,14
2020-06-10,12
2020-06-11,11
2020-06-12,11
2020-06-13,11
2020-06-14,11
2020-06-15,8
2020-06-16,0
2020-06-17,0
2020-06-18,0
2020-06-19,0
2020-06-20,0
2020-06-21,0
2020-06-22,0
2020-06-23,0
2020-06-24,0
2020-06-25,0
2020-06-26,6
2020-06-27,4
2020-06-28,0
2020-06-29,0
2020-06-30,0
2020-07-01,4
2020-07-02,2
2020-07-03,0
2020-07-04,7
2020-07-05,5
2020-07-06,5
2020-07-07,8
2020-07-08,0
2020-07-09,0
2020-07-10,0
2020-07-11,0
2020-07-12,0
2020-07-13,0
2020-07-14,0
2020-07-15,2
2020-07-16,0
2020-07-17,0
2020-07-18,0
2020-07-19,0
2020-07-20,0
2020-07-21,6
2020-07-22,11
2020-07-23,11
2020-07-24,11
2020-07-25,11
2020-07-26,11
2020-07-27,11
2020-07-28,20
2020-07-29,21
2020-07-30,21
2020-07-31,21
2020-08-01,26
2020-08-02,15
2020-08-03,11
2020-08-04,11
2020-08-05,12
2020-08-06,14
2020-08-07,17
2020-08-08,12
2020-08-09,13
2020-08-10,13
2020-08-11,12
2020-08-12,17
2020-08-13,10
2020-08-14,5
2020-08-15,0
2020-08-16,0
2020-08-17,0
2020-08-18,13
2020-08-19,16
2020-08-20,12
2020-08-21,3
2020-08-22,0
2020-08-23,0
2020-08-24,0
2020-08-25,0
2020-08-26,0
2020-08-27,0
2020-08-28,0
2020-08-29,0
2020-08-30,0
2020-08-31,0
2020-09-01,0
2020-09-02,0
2020-09-03,0
2020-09-04,0
2020-09-05,0
2020-09-06,0
2020-09-07,0
2020-09-08,0
2020-09-09,0
2020-09-10,0
2020-09-11,0
2020-09-12,0
2020-09-13,0
2020-09-14,2
2020-09-15,0
2020-09-16,0
2020-09-17,0
2020-09-18,0
2020-09-19,0
2020-09-20,0
2020-09-21,0
2020-09-22,0
2020-09-23,7
2020-09-24,5
2020-09-25,4
2020-09-26,0
2020-09-27,0
2020-09-28,0
2020-09-29,0
2020-09-30,0
2020-10-01,0
2020-10-02,0
2020-10-03,0
2020-10-04,0
2020-10-05,0
2020-10-06,0
2020-10-07,0
2020-10-08,6
2020-10-09,20
2020-10-10,18
2020-10-11,20
2020-10-12,14
2020-10-13,0
2020-10-14,4
2020-10-15,13
2020-10-16,13
2020-10-17,14
2020-10-18,21
2020-10-19,17
2020-10-20,14
2020-10-21,14
2020-10-22,12
2020-10-23,17
2020-10-24,18
2020-10-25,19
2020-10-26,22
2020-10-27,41
2020-10-28,35
2020-10-29,42
2020-10-30,34
2020-10-31,26
2020-11-01,5
2020-11-02,9
2020-11-03,16
2020-11-04,26
2020-11-05,31
2020-11-06,41
2020-11-07,38
2020-11-08,44
2020-11-09,29
2020-11-10,29
2020-11-11,29
2020-11-12,32
2020-11-13,26
2020-11-14,20
2020-11-15,5
2020-11-16,0
2020-11-17,10
2020-11-18,13
2020-11-19,13
2020-11-20,13
2020-11-21,26
2020-11-22,34
2020-11-23,48
2020-11-24,44
2020-11-25,53
2020-11-26,58
2020-11-27,75
2020-11-28,86
2020-11-29,96
2020-11-30,87
2020-12-01,56
2020-12-02,48
2020-12-03,45
2020-12-04,41
2020-12-05,37
2020-12-06,25
2020-12-07,21
2020-12-08,14
2020-12-09,14
2020-12-10,12
2020-12-11,12
2020-12-12,11
2020-12-13,11
2020-12-14,13
2020-12-15,20
2020-12-16,14
2020-12-17,13
2020-12-18,7
2020-12-19,0
2020-12-20,0
2020-12-21,12
2020-12-22,12
2020-12-23,24
2020-12-24,28
2020-12-25,31
2020-12-26,35
2020-12-27,33
2020-12-28,30
2020-12-29,32
2020-12-30,32
2020-12-31,34
2021-01-01,24
2021-01-02,17
2021-01-03,0
2021-01-04,0
2021-01-05,0
2021-01-06,0
2021-01-07,0
2021-01-08,0
2021-01-09,0
2021-01-10,0
2021-01-11,0
2021-01-12,0
2021-01-13,0
2021-01-14,3
2021-01-15,14
2021-01-16,12
2021-01-17,14
2021-01-18,12
2021-01-19,20
2021-01-20,21
2021-01-21,25
2021-01-22,35
2021-01-23,32
2021-01-24,23
2021-01-25,27
2021-01-26,17
2021-01-27,20
2021-01-28,7
2021-01-29,0
2021-01-30,0
2021-01-31,0
2021-02-01,0
2021-02-02,9
2021-02-03,7
2021-02-04,0
2021-02-05,0
2021-02-06,0
2021-02-07,0
2021-02-08,2
2021-02-09,2
2021-02-10,0
2021-02-11,0
2021-02-12,0
2021-02-13,0
2021-02-14,0
2021-02-15,0
2021-02-16,0
2021-02-17,0
2021-02-18,10
2021-02-19,9
2021-02-20,9
2021-02-21,10
2021-02-22,16
2021-02-23,36
2021-02-24,38
2021-02-25,34
2021-02-26,18
2021-02-27,17
2021-02-28,13
2021-03-01,10
2021-03-02,16
2021-03-03,35
2021-03-04,30
2021-03-05,13
2021-03-06,7
2021-03-07,21
2021-03-08,14
2021-03-09,15
2021-03-10,17
2021-03-11,22
2021-03-12,14
2021-03-13,11
2021-03-14,23
2021-03-15,24
2021-03-16,19
2021-03-17,13
2021-03-18,13
2021-03-19,13
2021-03-20,11
2021-03-21,8
2021-03-22,22
2021-03-23,27
2021-03-24,30
2021-03-25,27
2021-03-26,25
2021-03-27,19
2021-03-28,12
2021-03-29,12
2021-03-30,9
2021-03-31,0
2021-04-01,0
2021-04-02,0
2021-04-03,4
2021-04-04,12
2021-04-05,11
2021-04-06,6
2021-04-07,0
2021-04-08,0
2021-04-09,0
2021-04-10,0
2021-04-11,10
2021-04-12,14
2021-04-13,19
2021-04-14,21
2021-04-15,25
2021-04-16,35
2021-04-17,15
2021-04-18,18
2021-04-19,36
2021-04-20,57
2021-04-21,46
2021-04-22,44
2021-04-23,37
2021-04-24,54
2021-04-25,55
2021-04-26,50
2021-04-27,55
2021-04-28,46
2021-04-29,37
2021-04-30,28
2021-05-01,10
2021-05-02,0
2021-05-03,0
2021-05-04,0
2021-05-05,0
2021-05-06,0
2021-05-07,10
2021-05-08,17
2021-05-09,20
2021-05-10,34
2021-05-11,32
2021-05-12,33
2021-05-13,30
2021-05-14,26
2021-05-15,28
2021-05-16,13
2021-05-17,14
2021-05-18,28
2021-05-19,27
2021-05-20,20
2021-05-21,14
2021-05-22,19
2021-05-23,27
2021-05-24,31
2021-05-25,41
2021-05-26,41
2021-05-27,41
2021-05-28,31
2021-05-29,15
2021-05-30,26
2021-05-31,30
2021-06-01,22
2021-06-02,29
2021-06-03,31
2021-06-04,35
2021-06-05,38
2021-06-06,38
2021-06-07,49
2021-06-08,34
2021-06-09,25
2021-06-10,27
2021-06-11,19
2021-06-12,8
2021-06-13,15
2021-06-14,12
2021-06-15,11
2021-06-16,11
2021-06-17,12
2021-06-18,21
2021-06-19,15
2021-06-20,14
2021-06-21,13
2021-06-22,16
2021-06-23,12
2021-06-24,11
2021-06-25,23
2021-06-26,19
2021-06-27,33
2021-06-28,46
2021-06-29,56
2021-06-30,54
2021-07-01,57
2021-07-02,62
2021-07-03,60
2021-07-04,50
2021-07-05,45
2021-07-06,49
2021-07-07,20
2021-07-08,16
2021-07-09,11
2021-07-10,15
2021-07-11,21
2021-07-12,23
2021-07-13,21
2021-07-14,30
2021-07-15,22
2021-07-16,35
2021-07-17,49
2021-07-18,48
2021-07-19,48
2021-07-20,46
2021-07-21,72
2021-07-22,76
2021-07-23,57
2021-07-24,32
2021-07-25,36
2021-07-26,31
2021-07-27,18
2021-07-28,6
2021-07-29,3
2021-07-30,0
2021-07-31,3
2021-08-01,8
2021-08-02,13
2021-08-03,17
2021-08-04,17
2021-08-05,22
2021-08-06,8
2021-08-07,0
2021-08-08,0
2021-08-09,7
2021-08-10,0
2021-08-11,18
2021-08-12,7
2021-08-13,9
2021-08-14,19
2021-08-15,21
2021-08-16,20
2021-08-17,15
2021-08-18,13
2021-08-19,22
2021-08-20,12
2021-08-21,16
2021-08-22,19
2021-08-23,16
2021-08-24,20
2021-08-25,36
2021-08-26,48
2021-08-27,71
2021-08-28,75
2021-08-29,51
2021-08-30,43
2021-08-31,39
2021-09-01,38
2021-09-02,33
2021-09-03,26
2021-09-04,71
2021-09-05,74
2021-09-06,83
2021-09-07,84
2021-09-08,97
2021-09-09,101
2021-09-10,96
2021-09-11,72
2021-09-12,49
2021-09-13,33
2021-09-14,23
2021-09-15,10
2021-09-16,0
2021-09-17,0
2021-09-18,0
2021-09-19,13
2021-09-20,43
2021-09-21,65
2021-09-22,81
2021-09-23,70
2021-09-24,60
2021-09-25,45
2021-09-26,50
2021-09-27,50
2021-09-28,57
2021-09-29,70
2021-09-30,45
2021-10-01,38
2021-10-02,34
2021-10-03,27
2021-10-04,35
2021-10-05,30
2021-10-06,26
2021-10-07,16
2021-10-08,19
2021-10-09,23
2021-10-10,38
2021-10-11,30
2021-10-12,17
2021-10-13,20
2021-10-14,20
2021-10-15,12
2021-10-16,11
2021-10-17,0
2021-10-18,17
2021-10-19,13
2021-10-20,12
2021-10-21,17
2021-10-22,36
2021-10-23,48
2021-10-24,40
2021-10-25,66
2021-10-26,90
2021-10-27,103
2021-10-28,97
2021-10-29,82
2021-10-30,76
2021-10-31,65
2021-11-01,51
2021-11-02,43
2021-11-03,33
2021-11-04,28
2021-11-05,37
2021-11-06,34
2021-11-07,30
2021-11-08,40
2021-11-09,44
2021-11-10,41
2021-11-11,43
2021-11-12,36
2021-11-13,27
2021-11-14,20
2021-11-15,24
2021-11-16,32
2021-11-17,29
2021-11-18,23
2021-11-19,22
2021-11-20,22
2021-11-21,23
2021-11-22,23
2021-11-23,33
2021-11-24,43
2021-11-25,26
2021-11-26,44
2021-11-27,41
2021-11-28,48
2021-11-29,44
2021-11-30,59
2021-12-01,43
2021-12-02,38
2021-12-03,29
2021-12-04,19
2021-12-05,24
2021-12-06,13
2021-12-07,12
2021-12-08,6
2021-12-09,0
2021-12-10,0
2021-12-11,0
2021-12-12,13
2021-12-13,24
2021-12-14,46
2021-12-15,78
2021-12-16,107
2021-12-17,111
2021-12-18,109
2021-12-19,118
2021-12-20,121
2021-12-21,132
2021-12-22,150
2021-12-23,145
2021-12-24,118
2021-12-25,114
2021-12-26,95
2021-12-27,107
2021-12-28,103
2021-12-29,87
2021-12-30,69
2021-12-31,60
2022-01-01,48
2022-01-02,27
2022-01-03,10
2022-01-04,10
2022-01-05,23
2022-01-06,34
2022-01-07,44
2022-01-08,44
2022-01-09,54
2022-01-10,54
2022-01-11,51
2022-01-12,76
2022-01-13,85
2022-01-14,98
2022-01-15,95
2022-01-16,102
2022-01-17,80
2022-01-18,66
2022-01-19,58
2022-01-20,57
2022-01-21,23
2022-01-22,24
2022-01-23,20
2022-01-24,33
2022-01-25,52
2022-01-26,69
2022-01-27,81
2022-01-28,72
2022-01-29,66
2022-01-30,83
2022-01-31,75
2022-02-01,77
2022-02-02,72
2022-02-03,80
2022-02-04,100
2022-02-05,91
2022-02-06,78
2022-02-07,76
2022-02-08,75
2022-02-09,68
2022-02-10,72
2022-02-11,75
2022-02-12,54
2022-02-13,46
2022-02-14,63
2022-02-15,81
2022-02-16,87
2022-02-17,80
2022-02-18,49
2022-02-19,42
2022-02-20,48
2022-02-21,48
2022-02-22,38
2022-02-23,36
2022-02-24,32
2022-02-25,23
2022-02-26,25
2022-02-27,32
2022-02-28,56
2022-03-01,72
2022-03-02,78
2022-03-03,88
2022-03-04,87
2022-03-05,85
2022-03-06,79
2022-03-07,89
2022-03-08,91
2022-03-09,89
2022-03-10,94
2022-03-11,91
2022-03-12,91
2022-03-13,85
2022-03-14,84
2022-03-15,75
2022-03-16,62
2022-03-17,50
2022-03-18,35
2022-03-19,36
2022-03-20,52
2022-03-21,51
2022-03-22,47
2022-03-23,49
2022-03-24,51
2022-03-25,51
2022-03-26,61
2022-03-27,96
2022-03-28,137
2022-03-29,142
2022-03-30,115
2022-03-31,124
2022-04-01,130
2022-04-02,121
2022-04-03,118
2022-04-04,82
2022-04-05,86
2022-04-06,74
2022-04-07,57
2022-04-08,53
2022-04-09,38
2022-04-10,21
2022-04-11,11
2022-04-12,14
2022-04-13,33
2022-04-14,41
2022-04-15,46
2022-04-16,64
2022-04-17,86
2022-04-18,100
2022-04-19,95
2022-04-20,99
2022-04-21,113
2022-04-22,111
2022-04-23,126
2022-04-24,129
2022-04-25,119
2022-04-26,132
2022-04-27,133
2022-04-28,134
2022-04-29,105
2022-04-30,50
2022-05-01,36
2022-05-02,32
2022-05-03,76
2022-05-04,77
2022-05-05,78
2022-05-06,76
2022-05-07,64
2022-05-08,80
2022-05-09,71
2022-05-10,57
2022-05-11,80
2022-05-12,112
2022-05-13,125
2022-05-14,131
2022-05-15,145
2022-05-16,149
2022-05-17,146
2022-05-18,131
2022-05-19,144
2022-05-20,132
2022-05-21,154
2022-05-22,162
2022-05-23,144
2022-05-24,132
2022-05-25,106
2022-05-26,81
2022-05-27,59
2022-05-28,42
2022-05-29,43
2022-05-30,58
2022-05-31,69
2022-06-01,62
2022-06-02,59
2022-06-03,56
2022-06-04,66
2022-06-05,49
2022-06-06,32
2022-06-07,7
2022-06-08,3
2022-06-09,21
2022-06-10,46
2022-06-11,39
2022-06-12,53
2022-06-13,94
2022-06-14,123
2022-06-15,148
2022-06-16,150
2022-06-17,152
2022-06-18,147
2022-06-19,118
2022-06-20,96
2022-06-21,96
2022-06-22,89
2022-06-23,70
2022-06-24,61
2022-06-25,47
2022-06-26,33
2022-06-27,52
2022-06-28,62
2022-06-29,37
2022-06-30,42
2022-07-01,58
2022-07-02,64
2022-07-03,56
2022-07-04,59
2022-07-05,78
2022-07-06,82
2022-07-07,97
2022-07-08,87
2022-07-09,93
2022-07-10,107
2022-07-11,125
2022-07-12,114
2022-07-13,116
2022-07-14,123
2022-07-15,135
2022-07-16,151
2022-07-17,138
2022-07-18,124
2022-07-19,111
2022-07-20,133
2022-07-21,110
2022-07-22,98
2022-07-23,97
2022-07-24,80
2022-07-25,86
2022-07-26,91
2022-07-27,60
2022-07-28,42
2022-07-29,43
2022-07-30,42
2022-07-31,34
2022-08-01,27
2022-08-02,33
2022-08-03,36
2022-08-04,42
2022-08-05,71
2022-08-06,72
2022-08-07,85
2022-08-08,80
2022-08-09,61
2022-08-10,63
2022-08-11,71
2022-08-12,102
2022-08-13,109
2022-08-14,110
2022-08-15,110
2022-08-16,123
2022-08-17,111
2022-08-18,87
2022-08-19,83
2022-08-20,74
2022-08-21,58
2022-08-22,71
2022-08-23,50
2022-08-24,60
2022-08-25,93
2022-08-26,94
2022-08-27,94
2022-08-28,83
2022-08-29,70
2022-08-30,48
2022-08-31,43
2022-09-01,62
2022-09-02,63
2022-09-03,68
2022-09-04,72
2022-09-05,83
2022-09-06,75
2022-09-07,96
2022-09-08,97
2022-09-09,103
2022-09-10,117
2022-09-11,128
2022-09-12,141
2022-09-13,118
2022-09-14,91
2022-09-15,101
2022-09-16,92
2022-09-17,86
2022-09-18,73
2022-09-19,70
2022-09-20,68
2022-09-21,84
2022-09-22,105
2022-09-23,131
2022-09-24,147
2022-09-25,135
2022-09-26,132
2022-09-27,108
2022-09-28,85
2022-09-29,72
2022-09-30,76
2022-10-01,110
2022-10-02,128
2022-10-03,165
2022-10-04,167
2022-10-05,164
2022-10-06,162
2022-10-07,163
2022-10-08,154
2022-10-09,129
2022-10-10,120
2022-10-11,106
2022-10-12,103
2022-10-13,83
2022-10-14,82
2022-10-15,46
2022-10-16,75
2022-10-17,73
2022-10-18,50
2022-10-19,49
2022-10-20,36
2022-10-21,57
2022-10-22,70
2022-10-23,52
2022-10-24,54
2022-10-25,78
2022-10-26,83
2022-10-27,86
2022-10-28,89
2022-10-29,87
2022-10-30,75
2022-10-31,63
2022-11-01,85
2022-11-02,98
2022-11-03,78
2022-11-04,103
2022-11-05,115
2022-11-06,96
2022-11-07,100
2022-11-08,103
2022-11-09,98
2022-11-10,85
2022-11-11,74
2022-11-12,88
2022-11-13,111
2022-11-14,96
2022-11-15,86
2022-11-16,90
2022-11-17,59
2022-11-18,57
2022-11-19,75
2022-11-20,87
2022-11-21,77
2022-11-22,73
2022-11-23,71
2022-11-24,76
2022-11-25,72
2022-11-26,78
2022-11-27,72
2022-11-28,56
2022-11-29,28
2022-11-30,28
2022-12-01,51
2022-12-02,71
2022-12-03,75
2022-12-04,93
2022-12-05,103
2022-12-06,119
2022-12-07,127
2022-12-08,128
2022-12-09,111
2022-12-10,122
2022-12-11,140
2022-12-12,157
2022-12-13,159
2022-12-14,148
2022-12-15,141
2022-12-16,131
2022-12-17,131
2022-12-18,127
2022-12-19,113
2022-12-20,112
2022-12-21,100
2022-12-22,98
2022-12-23,85
2022-12-24,93
2022-12-25,105
2022-12-26,115
2022-12-27,94
2022-12-28,103
2022-12-29,123
2022-12-30,124
2022-12-31,98
2023-01-01,108
2023-01-02,109
2023-01-03,108
2023-01-04,96
2023-01-05,112
2023-01-06,131
2023-01-07,133
2023-01-08,135
2023-01-09,148
2023-01-10,179
2023-01-11,168
2023-01-12,171
2023-01-13,178
2023-01-14,189
2023-01-15,199
2023-01-16,190
2023-01-17,188
2023-01-18,195
2023-01-19,205
2023-01-20,206
2023-01-21,195
2023-01-22,166
2023-01-23,162
2023-01-24,151
2023-01-25,137
2023-01-26,110
2023-01-27,86
2023-01-28,85
2023-01-29,79
2023-01-30,76
2023-01-31,80
2023-02-01,72
2023-02-02,58
2023-02-03,64
2023-02-04,71
2023-02-05,74
2023-02-06,111
2023-02-07,107
2023-02-08,125
2023-02-09,129
2023-02-10,163
2023-02-11,166
2023-02-12,159
2023-02-13,177
2023-02-14,159
2023-02-15,121
2023-02-16,91
2023-02-17,86
2023-02-18,104
2023-02-19,107
2023-02-20,112
2023-02-21,104
2023-02-22,86
2023-02-23,90
2023-02-24,117
2023-02-25,127
2023-02-26,119
2023-02-27,126
2023-02-28,91
2023-03-01,93
2023-03-02,100
2023-03-03,119
2023-03-04,127
2023-03-05,151
2023-03-06,185
2023-03-07,186
2023-03-08,166
2023-03-09,156
2023-03-10,148
2023-03-11,149
2023-03-12,136
2023-03-13,104
2023-03-14,115
2023-03-15,107
2023-03-16,94
2023-03-17,72
2023-03-18,44
2023-03-19,73
2023-03-20,83
2023-03-21,96
2023-03-22,104
2023-03-23,112
2023-03-24,149
2023-03-25,153
2023-03-26,154
2023-03-27,158
2023-03-28,148
2023-03-29,158
2023-03-30,108
2023-03-31,75
2023-04-01,47
2023-04-02,44
2023-04-03,61
2023-04-04,65
2023-04-05,53
2023-04-06,49
2023-04-07,48
2023-04-08,48
2023-04-09,60
2023-04-10,90
2023-04-11,109
2023-04-12,130
2023-04-13,150
2023-04-14,163
2023-04-15,177
2023-04-16,183
2023-04-17,149
2023-04-18,135
2023-04-19,103
2023-04-20,103
2023-04-21,104
2023-04-22,97
2023-04-23,83
2023-04-24,73
2023-04-25,73
2023-04-26,97
2023-04-27,109
2023-04-28,111
2023-04-29,111
2023-04-30,102
2023-05-01,104
2023-05-02,123
2023-05-03,124
2023-05-04,138
2023-05-05,115
2023-05-06,116
2023-05-07,133
2023-05-08,128
2023-05-09,176
2023-05-10,165
2023-05-11,157
2023-05-12,145
2023-05-13,133
2023-05-14,131
2023-05-15,113
2023-05-16,106
2023-05-17,110
2023-05-18,120
2023-05-19,142
2023-05-20,144
2023-05-21,146
2023-05-22,136
2023-05-23,127
2023-05-24,151
2023-05-25,150
2023-05-26,145
2023-05-27,137
2023-05-28,144
2023-05-29,158
2023-05-30,166
2023-05-31,177
2023-06-01,153
2023-06-02,145
2023-06-03,143
2023-06-04,144
2023-06-05,158
2023-06-06,185
2023-06-07,198
2023-06-08,181
2023-06-09,167
2023-06-10,148
2023-06-11,146
2023-06-12,114
2023-06-13,93
2023-06-14,117
2023-06-15,122
2023-06-16,131
2023-06-17,130
2023-06-18,160
2023-06-19,182
2023-06-20,206
2023-06-21,217
2023-06-22,240
2023-06-23,228
2023-06-24,223
2023-06-25,204
2023-06-26,171
2023-06-27,156
2023-06-28,136
2023-06-29,111
2023-06-30,106
2023-07-01,136
2023-07-02,148
2023-07-03,154
2023-07-04,140
2023-07-05,135
2023-07-06,145
2023-07-07,159
2023-07-08,177
2023-07-09,180
2023-07-10,191
2023-07-11,210
2023-07-12,196
2023-07-13,152
2023-07-14,152
2023-07-15,127
2023-07-16,166
2023-07-17,159
2023-07-18,168
2023-07-19,165
2023-07-20,177
2023-07-21,150
2023-07-22,140
2023-07-23,144
2023-07-24,140
2023-07-25,138
2023-07-26,153
2023-07-27,146
2023-07-28,165
2023-07-29,178
2023-07-30,181
2023-07-31,187
2023-08-01,180
2023-08-02,163
2023-08-03,145
2023-08-04,132
2023-08-05,131
2023-08-06,122
2023-08-07,126
2023-08-08,123
2023-08-09,102
2023-08-10,109
2023-08-11,105
2023-08-12,80
2023-08-13,101
2023-08-14,118
2023-08-15,122
2023-08-16,148
2023-08-17,145
2023-08-18,124
2023-08-19,130
2023-08-20,101
2023-08-21,110
2023-08-22,114
2023-08-23,105
2023-08-24,92
2023-08-25,90
2023-08-26,91
2023-08-27,84
2023-08-28,82
2023-08-29,90
2023-08-30,104
2023-08-31,89
2023-09-01,86
2023-09-02,82
2023-09-03,91
2023-09-04,102
2023-09-05,115
2023-09-06,120
2023-09-07,132
2023-09-08,117
2023-09-09,133
2023-09-10,173
2023-09-11,190
2023-09-12,145
2023-09-13,131
2023-09-14,134
2023-09-15,109
2023-09-16,88
2023-09-17,89
2023-09-18,127
2023-09-19,149
2023-09-20,170
2023-09-21,194
2023-09-22,200
2023-09-23,196
2023-09-24,176
2023-09-25,169
2023-09-26,140
2023-09-27,133
2023-09-28,116
2023-09-29,103
2023-09-30,117
2023-10-01,151
2023-10-02,168
2023-10-03,144
2023-10-04,154
2023-10-05,159
2023-10-06,158
2023-10-07,134
2023-10-08,144
2023-10-09,153
2023-10-10,132
2023-10-11,145
2023-10-12,137
2023-10-13,113
2023-10-14,111
2023-10-15,104
2023-10-16,97
2023-10-17,74
2023-10-18,66
2023-10-19,57
2023-10-20,67
2023-10-21,68
2023-10-22,55
2023-10-23,34
2023-10-24,39
2023-10-25,33
2023-10-26,54
2023-10-27,58
2023-10-28,49
2023-10-29,58
2023-10-30,73
2023-10-31,107
2023-11-01,115
2023-11-02,122
2023-11-03,121
2023-11-04,92
2023-11-05,91
2023-11-06,77
2023-11-07,78
2023-11-08,113
2023-11-09,99
2023-11-10,94
2023-11-11,81
2023-11-12,82
2023-11-13,73
2023-11-14,60
2023-11-15,33
2023-11-16,30
2023-11-17,26
2023-11-18,32
2023-11-19,68
2023-11-20,96
2023-11-21,153
2023-11-22,160
2023-11-23,186
2023-11-24,167
2023-11-25,177
2023-11-26,171
2023-11-27,158
2023-11-28,150
2023-11-29,161
2023-11-30,148
2023-12-01,123
2023-12-02,100
2023-12-03,104
2023-12-04,113
2023-12-05,107
2023-12-06,134
2023-12-07,125
2023-12-08,113
2023-12-09,127
2023-12-10,123
2023-12-11,92
2023-12-12,96
2023-12-13,110
2023-12-14,117
2023-12-15,114
2023-12-16,124
2023-12-17,112
2023-12-18,138
2023-12-19,150
2023-12-20,149
2023-12-21,152
2023-12-22,148
2023-12-23,138
2023-12-24,117
2023-12-25,113
2023-12-26,110
2023-12-27,76
2023-12-28,95
2023-12-29,83
2023-12-30,65
2023-12-31,52
2024-01-01,55
2024-01-02,68
2024-01-03,59
2024-01-04,100
2024-01-05,119
2024-01-06,148
2024-01-07,172
2024-01-08,162
2024-01-09,158
2024-01-10,178
2024-01-11,186
2024-01-12,182
2024-01-13,181
2024-01-14,161
2024-01-15,140
2024-01-16,134
2024-01-17,147
2024-01-18,130
2024-01-19,143
2024-01-20,134
2024-01-21,155
2024-01-22,166
2024-01-23,148
2024-01-24,124
2024-01-25,92
2024-01-26,83
2024-01-27,64
2024-01-28,68
2024-01-29,74
2024-01-30,74
2024-01-31,100
2024-02-01,117
2024-02-02,122
2024-02-03,124
2024-02-04,135
2024-02-05,158
2024-02-06,159
2024-02-07,148
2024-02-08,161
2024-02-09,127
2024-02-10,151
2024-02-11,162
2024-02-12,156
2024-02-13,136
2024-02-14,141
2024-02-15,150
2024-02-16,139
2024-02-17,113
2024-02-18,100
2024-02-19,73
2024-02-20,54
2024-02-21,49
2024-02-22,56
2024-02-23,104
2024-02-24,108
2024-02-25,115
2024-02-26,132
2024-02-27,120
2024-02-28,130
2024-02-29,126
2024-03-01,117
2024-03-02,96
2024-03-03,102
2024-03-04,109
2024-03-05,110
2024-03-06,100
2024-03-07,96
2024-03-08,102
2024-03-09,96
2024-03-10,77
2024-03-11,74
2024-03-12,83
2024-03-13,81
2024-03-14,68
2024-03-15,52
2024-03-16,62
2024-03-17,73
2024-03-18,120
2024-03-19,132
2024-03-20,123
2024-03-21,159
2024-03-22,163
2024-03-23,154
2024-03-24,161
2024-03-25,163
2024-03-26,138
2024-03-27,113
2024-03-28,98
2024-03-29,79
2024-03-30,51
2024-03-31,63
2024-04-01,32
2024-04-02,39
2024-04-03,38
2024-04-04,48
2024-04-05,78
2024-04-06,80
2024-04-07,84
2024-04-08,77
2024-04-09,55
2024-04-10,55
2024-04-11,90
2024-04-12,86
2024-04-13,120
2024-04-14,148
2024-04-15,171
2024-04-16,181
2024-04-17,209
2024-04-18,223
2024-04-19,240
2024-04-20,232
2024-04-21,231
2024-04-22,265
2024-04-23,266
2024-04-24,251
2024-04-25,209
2024-04-26,141
2024-04-27,139
2024-04-28,119
2024-04-29,100
2024-04-30,87
2024-05-01,116
2024-05-02,144
2024-05-03,160
2024-05-04,183
2024-05-05,183
2024-05-06,202
2024-05-07,193
2024-05-08,173
2024-05-09,180
2024-05-10,173
2024-05-11,170
2024-05-12,200
2024-05-13,243
2024-05-14,203
2024-05-15,210
2024-05-16,211
2024-05-17,200
2024-05-18,179
2024-05-19,183
2024-05-20,155
2024-05-21,177
2024-05-22,164
2024-05-23,144
2024-05-24,142
2024-05-25,112
2024-05-26,128
2024-05-27,142
2024-05-28,163
2024-05-29,169
2024-05-30,165
2024-05-31,155
2024-06-01,181
2024-06-02,207
2024-06-03,212
2024-06-04,211
2024-06-05,182
2024-06-06,159
2024-06-07,163
2024-06-08,173
2024-06-09,153
2024-06-10,123
2024-06-11,107
2024-06-12,124
2024-06-13,151
2024-06-14,158
2024-06-15,151
2024-06-16,152
2024-06-17,141
2024-06-18,135
2024-06-19,150
2024-06-20,165
2024-06-21,148
2024-06-22,160
2024-06-23,164
2024-06-24,153
2024-06-25,146
2024-06-26,180
2024-06-27,174
2024-06-28,177
2024-06-29,218
2024-06-30,208
2024-07-01,197
2024-07-02,197
2024-07-03,178
2024-07-04,138
2024-07-05,137
2024-07-06,127
2024-07-07,122
2024-07-08,112
2024-07-09,141
2024-07-10,184
2024-07-11,173
2024-07-12,166
2024-07-13,173
2024-07-14,212
2024-07-15,243
2024-07-16,285
2024-07-17,283
2024-07-18,290
2024-07-19,273
2024-07-20,227
2024-07-21,221
2024-07-22,171
2024-07-23,174
2024-07-24,170
2024-07-25,179
2024-07-26,195
2024-07-27,210
2024-07-28,201
2024-07-29,214
2024-07-30,230
2024-07-31,270
